-- phpMyAdmin SQL Dump
-- version 5.0.3
-- https://www.phpmyadmin.net/
--
-- 主機： 127.0.0.1
-- 產生時間： 2020-11-15 11:52:37
-- 伺服器版本： 10.4.14-MariaDB
-- PHP 版本： 7.4.11

SET SQL_MODE = "NO_AUTO_VALUE_ON_ZERO";
START TRANSACTION;
SET time_zone = "+00:00";


/*!40101 SET @OLD_CHARACTER_SET_CLIENT=@@CHARACTER_SET_CLIENT */;
/*!40101 SET @OLD_CHARACTER_SET_RESULTS=@@CHARACTER_SET_RESULTS */;
/*!40101 SET @OLD_COLLATION_CONNECTION=@@COLLATION_CONNECTION */;
/*!40101 SET NAMES utf8mb4 */;

--
-- 資料庫： `company_project`
--
CREATE DATABASE IF NOT EXISTS `company_project` DEFAULT CHARACTER SET utf8 COLLATE utf8_general_ci;
USE `company_project`;

-- --------------------------------------------------------

--
-- 資料表結構 `assetlist`
--

DROP TABLE IF EXISTS `assetlist`;
CREATE TABLE `assetlist` (
  `id` int(11) NOT NULL,
  `asset_code` varchar(255) NOT NULL,
  `asset_name` varchar(255) NOT NULL,
  `asset_type` varchar(255) NOT NULL,
  `unit` varchar(20) NOT NULL,
  `buydate` date NOT NULL,
  `description` text NOT NULL,
  `cost` varchar(255) NOT NULL,
  `serialnum` varchar(255) NOT NULL,
  `invoiceno` varchar(255) NOT NULL,
  `invoicenodate` date NOT NULL,
  `place` varchar(255) NOT NULL,
  `remark` text NOT NULL,
  `active` tinyint(11) NOT NULL DEFAULT 1
) ENGINE=InnoDB DEFAULT CHARSET=utf8;

--
-- 傾印資料表的資料 `assetlist`
--

INSERT INTO `assetlist` (`id`, `asset_code`, `asset_name`, `asset_type`, `unit`, `buydate`, `description`, `cost`, `serialnum`, `invoiceno`, `invoicenodate`, `place`, `remark`, `active`) VALUES
(4, '000001', 'KATO 1-607-1 KIHA82-1', '3', 'pcs', '2020-08-01', '', '450', '', '', '2020-08-01', '3', '', 1),
(6, '000002', 'KATO 1-611 KIHA80 ', '3', 'pcs', '2020-08-12', '', '500', '', '', '2020-08-12', '3', '', 1),
(7, '000003', 'KATO 1-608 KIRO80 ', '3', '', '2020-08-13', 'KIRO80 ', '450', '', '', '2020-08-13', '3', 'KIRO80 ', 1),
(8, '000004', 'KATO 1-607-1 KIHA82-2', '3', '', '2020-08-13', '', '450', '', '', '2020-08-13', '3', '', 0),
(9, '000005', 'KATO 1-607-1 KIHA82-3', '3', '', '2020-08-11', '', '470', '', '', '2020-08-11', '3', '', 0),
(10, '000006', 'MAKINAVY-C02', '1', 'pcs', '2018-08-02', '', '', 'LL-MAKINAVY-000001', '', '2020-09-27', '3', '', 1),
(11, '000007', 'MAKI MAID 1', '1', 'pcs', '2018-02-12', '', '450', 'LL-MAKIMAID-00001', '', '2020-08-01', '1', '', 1),
(12, '000008', 'WONDER ZONE', '1', '', '2019-11-21', 'Love Live WONDER ZONE', '', 'LL-WZ-000001', '', '2019-11-21', '1', '', 0),
(13, '000009', 'TOMIX 98649 E231系0番台武藏野線', '2', '', '2020-03-21', 'E231系0番台武藏野線', '', '', '', '2020-09-27', '3', '', 1),
(14, '000010', 'TOMIX 98649 E217系總武線基本SET', '2', 'pcs', '2020-05-16', '', '1100', '', '', '2020-05-16', '3', '', 1),
(15, '000011', 'TOMIX 98635 E217系總武線增結SET', '2', '', '2020-05-16', 'E217系總武線增結SET', '450', '', '', '2020-05-16', '3', '', 1),
(16, '000012', 'MicroACE A7970 東武20070型', '2', '', '2020-09-15', '東武20070型', '750', '', '', '2020-09-15', '3', '', 1),
(17, '000013', 'REM WONDERLAND', '1', '', '2019-04-18', 'REM WONDERLAND', '150', 'RZ-REM-00001', '', '2020-04-18', '1', '', 1),
(18, '000014', 'TOMIX 98629 209系2100番台', '2', '', '2018-02-10', '209系2100番台C442編成', '800', '', '', '2018-02-10', '3', '', 1),
(19, '000015', 'MicroACE A-5071 Tokyo Metro 03系', '2', '', '2020-05-16', 'Tokyo Metro 03系', '800', '4968279119082', '', '2020-05-16', '3', '', 1),
(20, '000016', 'LL School Uniform For Winter', '1', '', '2018-02-10', 'LL School Uniform For Winter', '200', 'LL-SU-00001', '', '2018-02-10', '1', '', 1),
(21, '000017', 'NICO WIG 1', '4', 'pcs', '2017-06-15', '', '', 'LL-NICO-W1', '', '2020-09-27', '3', '', 1),
(22, '000018', 'NICO WIG 2', '4', 'pcs', '2017-10-22', '', '', 'LL-NICO-W1', '', '2017-10-22', '2', '', 1),
(23, '000019', 'LL NICO No Brand Girl(NBG)', '1', '', '2019-08-15', 'No Brand Girl(NBG) for Nico', '', 'LL-NICO-000002', '', '2019-08-15', '1', '', 1),
(24, '000020', 'MAKI WIG 1', '4', '', '2017-10-22', '', '', 'LL-MAKI-W1', 'LL-MAKI-W1', '2017-10-22', '2', '', 1),
(25, '000021', 'TOMIX 98074 227系1000番台和歌山 桜井線 Set A', '2', '', '2020-07-01', '227系1000番台和歌山 桜井線 Set A', '', '', '', '2020-09-27', '3', '227系1000番台和歌山 桜井線 Set A', 1),
(26, '000022', 'TOMYTEC 伊豆3000系3506編成 LLSS HPT', '2', '', '2020-05-08', 'Love Live Sunshine Happy Party Train', '600', '4543736292418', '', '2020-05-08', '3', '', 1),
(27, '000023', 'KATO 6043-1 キハ110-100(M)', '2', '', '2014-09-27', 'キハ110-100(M)', '300', '', '', '2020-09-27', '3', '', 1),
(28, '000024', 'YOU WIG 1', '4', '', '2019-04-29', 'YOU WIG 1', '110', 'LL-YOU-W1', '', '2019-04-29', '2', 'YOU WIG 1', 1),
(29, '000025', 'MAKI WIG 2', '4', 'pcs', '2020-08-15', '', '120', '', '', '2020-08-15', '2', '', 1),
(32, '000026', 'KATO 2016-9 JNR D51-normal', '2', '', '2020-08-29', '', '675', '4949727675831', '', '2020-08-29', '3', '', 1),
(33, '000027', 'RIN WIG 1', '4', '', '2018-04-20', 'RIN WIG NYAN!', '90', 'LL-RIN-2018-W1', '', '2018-04-20', '2', '', 1),
(34, '000028', 'KATO 10-1430+10-1431 E233系7000番埼京線', '2', '', '2020-09-20', ' E233系7000番 埼京線 ', '1500', '4949727679150', '', '2020-09-20', '3', '', 1),
(35, '000029', 'TOMIX 8474 JR East KIHA40-500', '2', 'pcs', '2016-07-10', '', '', '', '', '2016-07-10', '3', '', 1),
(36, '000030', 'REZERO MAID NORMAL', '1', 'pcs', '2016-09-01', '', '', '', '', '2016-09-01', '1', '', 1),
(37, '000031', 'TOMIX 92578 485系3000番台', '2', 'BOX', '2016-05-22', '', '1500', '', '', '2016-05-23', '3', '', 1);

-- --------------------------------------------------------

--
-- 資料表結構 `asset_type`
--

DROP TABLE IF EXISTS `asset_type`;
CREATE TABLE `asset_type` (
  `id` int(11) NOT NULL,
  `type_code` varchar(20) NOT NULL,
  `type_name` varchar(255) DEFAULT NULL,
  `active` tinyint(2) NOT NULL DEFAULT 1
) ENGINE=InnoDB DEFAULT CHARSET=utf8;

--
-- 傾印資料表的資料 `asset_type`
--

INSERT INTO `asset_type` (`id`, `type_code`, `type_name`, `active`) VALUES
(7, '', 'Cosplay', 1),
(9, '', 'Railway Model', 1),
(10, '', 'Buses Model', 1),
(11, '', 'ACG Model', 1);

-- --------------------------------------------------------

--
-- 資料表結構 `asset_type2`
--

DROP TABLE IF EXISTS `asset_type2`;
CREATE TABLE `asset_type2` (
  `id` varchar(50) NOT NULL,
  `type_code` varchar(255) NOT NULL,
  `type_name` varchar(255) NOT NULL,
  `active` varchar(50) NOT NULL DEFAULT '1'
) ENGINE=InnoDB DEFAULT CHARSET=utf8;

--
-- 傾印資料表的資料 `asset_type2`
--

INSERT INTO `asset_type2` (`id`, `type_code`, `type_name`, `active`) VALUES
('1327918102498787329', 'COSC', 'Cosplay Clothes', '1'),
('1327918390181904385', 'NTRAIN', 'N Scale Train Model', '1'),
('1327918506674503682', 'HOTRAIN', 'HO Scale Model Train', '1'),
('1327918626614820866', 'COSW', 'Cosplay Wig', '1');

-- --------------------------------------------------------

--
-- 資料表結構 `location`
--

DROP TABLE IF EXISTS `location`;
CREATE TABLE `location` (
  `id` int(11) NOT NULL,
  `name` varchar(255) DEFAULT NULL,
  `active` tinyint(1) NOT NULL DEFAULT 1
) ENGINE=InnoDB DEFAULT CHARSET=utf8;

--
-- 傾印資料表的資料 `location`
--

INSERT INTO `location` (`id`, `name`, `active`) VALUES
(1, 'KT ROOM', 1),
(14, 'My Room 2', 1),
(15, 'Kickup', 0),
(16, 'ACOS-AKIBA', 1),
(17, 'Bus Depot', 1),
(19, 'Content Farm', 1),
(21, 'My Room', 1),
(23, 'Wig', 1);

-- --------------------------------------------------------

--
-- 資料表結構 `place2`
--

DROP TABLE IF EXISTS `place2`;
CREATE TABLE `place2` (
  `id` varchar(255) NOT NULL,
  `place_code` varchar(255) NOT NULL,
  `place_name` varchar(255) NOT NULL,
  `active` varchar(10) NOT NULL DEFAULT '1'
) ENGINE=InnoDB DEFAULT CHARSET=utf8;

-- --------------------------------------------------------

--
-- 資料表結構 `sys_content`
--

DROP TABLE IF EXISTS `sys_content`;
CREATE TABLE `sys_content` (
  `id` varchar(50) COLLATE utf8_bin NOT NULL COMMENT '主键',
  `title` varchar(255) COLLATE utf8_bin DEFAULT NULL COMMENT '标题',
  `type` int(11) DEFAULT NULL COMMENT '文章类型',
  `content` longtext COLLATE utf8_bin DEFAULT NULL COMMENT '内容',
  `create_time` datetime DEFAULT NULL COMMENT '创建时间',
  `create_id` varchar(50) COLLATE utf8_bin DEFAULT NULL COMMENT '创建人'
) ENGINE=InnoDB DEFAULT CHARSET=utf8 COLLATE=utf8_bin COMMENT='文章管理' ROW_FORMAT=COMPACT;

--
-- 傾印資料表的資料 `sys_content`
--

INSERT INTO `sys_content` (`id`, `title`, `type`, `content`, `create_time`, `create_id`) VALUES
('1326176914104143873', 'AAA', 1, 'AAAA', '2020-11-10 22:56:30', '1');

-- --------------------------------------------------------

--
-- 資料表結構 `sys_dept`
--

DROP TABLE IF EXISTS `sys_dept`;
CREATE TABLE `sys_dept` (
  `id` varchar(64) NOT NULL COMMENT '主键',
  `dept_no` varchar(18) DEFAULT NULL COMMENT '部门编号(规则：父级关系编码+自己的编码)',
  `name` varchar(300) DEFAULT NULL COMMENT '部门名称',
  `pid` varchar(64) NOT NULL COMMENT '父级id',
  `status` tinyint(4) DEFAULT NULL COMMENT '状态(1:正常；0:弃用)',
  `relation_code` varchar(3000) DEFAULT NULL COMMENT '为了维护更深层级关系',
  `dept_manager_id` varchar(64) DEFAULT NULL COMMENT '部门经理user_id',
  `manager_name` varchar(255) DEFAULT NULL COMMENT '部门经理名称',
  `phone` varchar(20) DEFAULT NULL COMMENT '部门经理联系电话',
  `create_time` datetime DEFAULT NULL COMMENT '创建时间',
  `update_time` datetime DEFAULT NULL COMMENT '更新时间',
  `deleted` tinyint(4) DEFAULT NULL COMMENT '是否删除(1未删除；0已删除)'
) ENGINE=InnoDB DEFAULT CHARSET=utf8 COMMENT='系统部门';

--
-- 傾印資料表的資料 `sys_dept`
--

INSERT INTO `sys_dept` (`id`, `dept_no`, `name`, `pid`, `status`, `relation_code`, `dept_manager_id`, `manager_name`, `phone`, `create_time`, `update_time`, `deleted`) VALUES
('1', 'D000001', '中央', '0', 1, 'D000001', NULL, '小李', '999', '2019-11-07 22:43:33', '2020-11-10 07:20:41', 1),
('1327927349735440386', 'D000002', 'AAA', '1', 1, 'D000001D000002', NULL, '1223', '1234', '2020-11-15 18:52:06', '2020-11-15 18:52:06', 1);

-- --------------------------------------------------------

--
-- 資料表結構 `sys_dict`
--

DROP TABLE IF EXISTS `sys_dict`;
CREATE TABLE `sys_dict` (
  `id` varchar(64) NOT NULL,
  `name` varchar(100) NOT NULL COMMENT '字典名称',
  `remark` varchar(255) DEFAULT NULL COMMENT '描述',
  `create_time` datetime DEFAULT NULL COMMENT '创建时间'
) ENGINE=InnoDB DEFAULT CHARSET=utf8 COMMENT='数据字典表' ROW_FORMAT=COMPACT;

--
-- 傾印資料表的資料 `sys_dict`
--

INSERT INTO `sys_dict` (`id`, `name`, `remark`, `create_time`) VALUES
('1255790029680242690', 'sex', '性别', '2020-04-30 17:24:09'),
('1282504369620430849', 'content_type', '文章類型', '2020-07-13 10:37:24'),
('1326166327483723778', 'asset_type', '資產種類', '2020-11-10 22:14:26'),
('1326872585572536321', 'place', '地點', '2020-11-12 21:00:51');

-- --------------------------------------------------------

--
-- 資料表結構 `sys_dict_detail`
--

DROP TABLE IF EXISTS `sys_dict_detail`;
CREATE TABLE `sys_dict_detail` (
  `id` varchar(50) NOT NULL,
  `label` varchar(255) NOT NULL COMMENT '字典标签',
  `value` varchar(255) NOT NULL COMMENT '字典值',
  `sort` smallint(6) DEFAULT NULL COMMENT '排序',
  `dict_id` varchar(50) DEFAULT NULL COMMENT '字典id',
  `create_time` datetime DEFAULT NULL COMMENT '创建日期'
) ENGINE=InnoDB DEFAULT CHARSET=utf8 COMMENT='数据字典详情' ROW_FORMAT=COMPACT;

--
-- 傾印資料表的資料 `sys_dict_detail`
--

INSERT INTO `sys_dict_detail` (`id`, `label`, `value`, `sort`, `dict_id`, `create_time`) VALUES
('1255790073535885314', '男', '1', 1, '1255790029680242690', '2020-04-30 17:24:19'),
('1255790100115189761', '女', '2', 2, '1255790029680242690', '2020-04-30 17:24:25'),
('1282504475715350530', '詩詞', '1', 1, '1282504369620430849', '2020-07-13 10:37:49'),
('1282504651729317889', '散文', '2', 2, '1282504369620430849', '2020-07-13 10:38:31'),
('1282846022950842369', '劇本', '3', 3, '1282504369620430849', '2020-07-14 09:15:01'),
('1326166822650671105', 'Cosplay Clothes', '1', 1, '1326166327483723778', '2020-11-10 22:16:24'),
('1326166950337867777', 'N Scale Railway Model', '2', 2, '1326166327483723778', '2020-11-10 22:16:54'),
('1326530755911872514', 'HO Scale', '3', 3, '1326166327483723778', '2020-11-11 22:22:32'),
('1326872627351998465', 'MyRoom', '1', 1, '1326872585572536321', '2020-11-12 21:01:01'),
('1326872814472482817', 'WigRoom', '2', 2, '1326872585572536321', '2020-11-12 21:01:45'),
('1326872862283354114', 'Model', '3', 3, '1326872585572536321', '2020-11-12 21:01:57'),
('1327255615550099458', 'Cosplay Wig', '4', 4, '1326166327483723778', '2020-11-13 22:22:52');

-- --------------------------------------------------------

--
-- 資料表結構 `sys_files`
--

DROP TABLE IF EXISTS `sys_files`;
CREATE TABLE `sys_files` (
  `id` varchar(50) NOT NULL,
  `url` varchar(200) DEFAULT NULL COMMENT 'URL地址',
  `create_date` datetime DEFAULT NULL COMMENT '创建时间',
  `file_name` varchar(255) DEFAULT NULL COMMENT '文件名称',
  `file_path` varchar(255) DEFAULT NULL
) ENGINE=InnoDB DEFAULT CHARSET=utf8 COMMENT='文件上传' ROW_FORMAT=COMPACT;

-- --------------------------------------------------------

--
-- 資料表結構 `sys_job`
--

DROP TABLE IF EXISTS `sys_job`;
CREATE TABLE `sys_job` (
  `id` varchar(50) NOT NULL COMMENT '任务id',
  `bean_name` varchar(200) DEFAULT NULL COMMENT 'spring bean名称',
  `params` varchar(2000) DEFAULT NULL COMMENT '参数',
  `cron_expression` varchar(100) DEFAULT NULL COMMENT 'cron表达式',
  `status` tinyint(4) DEFAULT NULL COMMENT '任务状态  0：正常  1：暂停',
  `remark` varchar(255) DEFAULT NULL COMMENT '备注',
  `create_time` datetime DEFAULT NULL COMMENT '创建时间'
) ENGINE=InnoDB DEFAULT CHARSET=utf8 COMMENT='定时任务' ROW_FORMAT=COMPACT;

--
-- 傾印資料表的資料 `sys_job`
--

INSERT INTO `sys_job` (`id`, `bean_name`, `params`, `cron_expression`, `status`, `remark`, `create_time`) VALUES
('1252884495040782337', 'testTask', '1', '0 */1 * * * ?', 0, '1', '2020-04-22 16:58:35');

-- --------------------------------------------------------

--
-- 資料表結構 `sys_job_log`
--

DROP TABLE IF EXISTS `sys_job_log`;
CREATE TABLE `sys_job_log` (
  `id` varchar(50) NOT NULL COMMENT '任务日志id',
  `job_id` varchar(50) NOT NULL COMMENT '任务id',
  `bean_name` varchar(200) DEFAULT NULL COMMENT 'spring bean名称',
  `params` varchar(2000) DEFAULT NULL COMMENT '参数',
  `status` tinyint(4) NOT NULL COMMENT '任务状态    0：成功    1：失败',
  `error` varchar(2000) DEFAULT NULL COMMENT '失败信息',
  `times` int(11) NOT NULL COMMENT '耗时(单位：毫秒)',
  `create_time` datetime DEFAULT NULL COMMENT '创建时间'
) ENGINE=InnoDB DEFAULT CHARSET=utf8 COMMENT='定时任务日志' ROW_FORMAT=COMPACT;

--
-- 傾印資料表的資料 `sys_job_log`
--

INSERT INTO `sys_job_log` (`id`, `job_id`, `bean_name`, `params`, `status`, `error`, `times`, `create_time`) VALUES
('1325657868539531266', '1252884495040782337', 'testTask', '1', 0, NULL, 3, '2020-11-09 12:34:00'),
('1325658120004833282', '1252884495040782337', 'testTask', '1', 0, NULL, 1, '2020-11-09 12:35:00'),
('1325658371646296065', '1252884495040782337', 'testTask', '1', 0, NULL, 1, '2020-11-09 12:36:00'),
('1325658623312924673', '1252884495040782337', 'testTask', '1', 0, NULL, 2, '2020-11-09 12:37:00'),
('1325781432685068290', '1252884495040782337', 'testTask', '1', 0, NULL, 8, '2020-11-09 20:45:00'),
('1325781684204896258', '1252884495040782337', 'testTask', '1', 0, NULL, 1, '2020-11-09 20:46:00'),
('1325781935850553346', '1252884495040782337', 'testTask', '1', 0, NULL, 0, '2020-11-09 20:47:00'),
('1325782187517181954', '1252884495040782337', 'testTask', '1', 0, NULL, 0, '2020-11-09 20:48:00'),
('1325782439242530817', '1252884495040782337', 'testTask', '1', 0, NULL, 4, '2020-11-09 20:49:00'),
('1325783445942673410', '1252884495040782337', 'testTask', '1', 0, NULL, 1, '2020-11-09 20:53:00'),
('1325783697470889985', '1252884495040782337', 'testTask', '1', 0, NULL, 1, '2020-11-09 20:54:00'),
('1325783949112352770', '1252884495040782337', 'testTask', '1', 0, NULL, 1, '2020-11-09 20:55:00'),
('1325784704275734530', '1252884495040782337', 'testTask', '1', 0, NULL, 3, '2020-11-09 20:58:00'),
('1325784955782979586', '1252884495040782337', 'testTask', '1', 0, NULL, 1, '2020-11-09 20:59:00'),
('1325785207411859457', '1252884495040782337', 'testTask', '1', 0, NULL, 1, '2020-11-09 21:00:00'),
('1325785459070099457', '1252884495040782337', 'testTask', '1', 0, NULL, 1, '2020-11-09 21:01:00'),
('1325785710732533762', '1252884495040782337', 'testTask', '1', 0, NULL, 2, '2020-11-09 21:02:00'),
('1325785962378190850', '1252884495040782337', 'testTask', '1', 0, NULL, 2, '2020-11-09 21:03:00'),
('1325786214086762498', '1252884495040782337', 'testTask', '1', 0, NULL, 1, '2020-11-09 21:04:00'),
('1325786465707253761', '1252884495040782337', 'testTask', '1', 0, NULL, 2, '2020-11-09 21:05:00'),
('1325786717436796930', '1252884495040782337', 'testTask', '1', 0, NULL, 19, '2020-11-09 21:06:00'),
('1325786969048899586', '1252884495040782337', 'testTask', '1', 0, NULL, 9, '2020-11-09 21:07:00'),
('1325787220698750977', '1252884495040782337', 'testTask', '1', 0, NULL, 2, '2020-11-09 21:08:00'),
('1325787472352796673', '1252884495040782337', 'testTask', '1', 0, NULL, 2, '2020-11-09 21:09:00'),
('1325787724006842370', '1252884495040782337', 'testTask', '1', 0, NULL, 4, '2020-11-09 21:10:00'),
('1325787975656693761', '1252884495040782337', 'testTask', '1', 0, NULL, 1, '2020-11-09 21:11:00'),
('1325788227323322369', '1252884495040782337', 'testTask', '1', 0, NULL, 1, '2020-11-09 21:12:00'),
('1325789737398616065', '1252884495040782337', 'testTask', '1', 0, NULL, 3, '2020-11-09 21:18:00'),
('1325789988922638338', '1252884495040782337', 'testTask', '1', 0, NULL, 2, '2020-11-09 21:19:00'),
('1325790240568295426', '1252884495040782337', 'testTask', '1', 0, NULL, 1, '2020-11-09 21:20:00'),
('1325790492243312642', '1252884495040782337', 'testTask', '1', 0, NULL, 1, '2020-11-09 21:21:00'),
('1325790743901552641', '1252884495040782337', 'testTask', '1', 0, NULL, 4, '2020-11-09 21:22:00'),
('1325790995580764161', '1252884495040782337', 'testTask', '1', 0, NULL, 2, '2020-11-09 21:23:00'),
('1325791247209644033', '1252884495040782337', 'testTask', '1', 0, NULL, 1, '2020-11-09 21:24:00'),
('1325791498863689730', '1252884495040782337', 'testTask', '1', 0, NULL, 1, '2020-11-09 21:25:00'),
('1325791750517735425', '1252884495040782337', 'testTask', '1', 0, NULL, 1, '2020-11-09 21:26:00'),
('1325792002180169730', '1252884495040782337', 'testTask', '1', 0, NULL, 1, '2020-11-09 21:27:00'),
('1325792253855186946', '1252884495040782337', 'testTask', '1', 0, NULL, 1, '2020-11-09 21:28:00'),
('1325792505526009858', '1252884495040782337', 'testTask', '1', 0, NULL, 4, '2020-11-09 21:29:00'),
('1325792757163278337', '1252884495040782337', 'testTask', '1', 0, NULL, 1, '2020-11-09 21:30:00'),
('1325793512381259778', '1252884495040782337', 'testTask', '1', 0, NULL, 5, '2020-11-09 21:33:00'),
('1325793763800424450', '1252884495040782337', 'testTask', '1', 0, NULL, 2, '2020-11-09 21:34:00'),
('1325794015454470145', '1252884495040782337', 'testTask', '1', 0, NULL, 1, '2020-11-09 21:35:00'),
('1325794267137875969', '1252884495040782337', 'testTask', '1', 0, NULL, 6, '2020-11-09 21:36:00'),
('1325794518783533057', '1252884495040782337', 'testTask', '1', 0, NULL, 3, '2020-11-09 21:37:00'),
('1325794770437578753', '1252884495040782337', 'testTask', '1', 0, NULL, 0, '2020-11-09 21:38:00'),
('1325795022079041538', '1252884495040782337', 'testTask', '1', 0, NULL, 1, '2020-11-09 21:39:00'),
('1325795273741475841', '1252884495040782337', 'testTask', '1', 0, NULL, 1, '2020-11-09 21:40:00'),
('1325795525408104450', '1252884495040782337', 'testTask', '1', 0, NULL, 2, '2020-11-09 21:41:00'),
('1325795777062150145', '1252884495040782337', 'testTask', '1', 0, NULL, 1, '2020-11-09 21:42:00'),
('1325796028770721793', '1252884495040782337', 'testTask', '1', 0, NULL, 3, '2020-11-09 21:43:00'),
('1325796280391213058', '1252884495040782337', 'testTask', '1', 0, NULL, 3, '2020-11-09 21:44:00'),
('1325796532057841665', '1252884495040782337', 'testTask', '1', 0, NULL, 5, '2020-11-09 21:45:00'),
('1325796783716081666', '1252884495040782337', 'testTask', '1', 0, NULL, 2, '2020-11-09 21:46:00'),
('1325797035353350145', '1252884495040782337', 'testTask', '1', 0, NULL, 1, '2020-11-09 21:47:00'),
('1325801313698594817', '1252884495040782337', 'testTask', '1', 0, NULL, 3, '2020-11-09 22:04:00'),
('1325801565214228482', '1252884495040782337', 'testTask', '1', 0, NULL, 2, '2020-11-09 22:05:00'),
('1325801816885051393', '1252884495040782337', 'testTask', '1', 0, NULL, 2, '2020-11-09 22:06:00'),
('1325802068509736962', '1252884495040782337', 'testTask', '1', 0, NULL, 1, '2020-11-09 22:07:00'),
('1325803075247607810', '1252884495040782337', 'testTask', '1', 0, NULL, 0, '2020-11-09 22:11:00'),
('1325803326809378818', '1252884495040782337', 'testTask', '1', 0, NULL, 1, '2020-11-09 22:12:00'),
('1325803578476007425', '1252884495040782337', 'testTask', '1', 0, NULL, 2, '2020-11-09 22:13:00'),
('1325804585234763778', '1252884495040782337', 'testTask', '1', 0, NULL, 1, '2020-11-09 22:17:00'),
('1325805843530194946', '1252884495040782337', 'testTask', '1', 0, NULL, 1, '2020-11-09 22:22:00'),
('1325806095062605825', '1252884495040782337', 'testTask', '1', 0, NULL, 3, '2020-11-09 22:23:00'),
('1325806346712457218', '1252884495040782337', 'testTask', '1', 0, NULL, 3, '2020-11-09 22:24:00'),
('1325806598366502914', '1252884495040782337', 'testTask', '1', 0, NULL, 3, '2020-11-09 22:25:00'),
('1325806850028937217', '1252884495040782337', 'testTask', '1', 0, NULL, 3, '2020-11-09 22:26:00'),
('1325807101678788610', '1252884495040782337', 'testTask', '1', 0, NULL, 2, '2020-11-09 22:27:00'),
('1325808108437606401', '1252884495040782337', 'testTask', '1', 0, NULL, 6, '2020-11-09 22:31:00'),
('1325808360209092609', '1252884495040782337', 'testTask', '1', 0, NULL, 5, '2020-11-09 22:32:00'),
('1325809618365976578', '1252884495040782337', 'testTask', '1', 0, NULL, 1, '2020-11-09 22:37:00'),
('1325810625011621889', '1252884495040782337', 'testTask', '1', 0, NULL, 0, '2020-11-09 22:41:00'),
('1325810876585975810', '1252884495040782337', 'testTask', '1', 0, NULL, 5, '2020-11-09 22:42:00'),
('1325811128223244290', '1252884495040782337', 'testTask', '1', 0, NULL, 2, '2020-11-09 22:43:00'),
('1325811883344748545', '1252884495040782337', 'testTask', '1', 0, NULL, 1, '2020-11-09 22:46:00'),
('1325812134835216386', '1252884495040782337', 'testTask', '1', 0, NULL, 1, '2020-11-09 22:47:00'),
('1325812386514427905', '1252884495040782337', 'testTask', '1', 0, NULL, 2, '2020-11-09 22:48:00'),
('1325812638160084994', '1252884495040782337', 'testTask', '1', 0, NULL, 2, '2020-11-09 22:49:00'),
('1325812889814130690', '1252884495040782337', 'testTask', '1', 0, NULL, 1, '2020-11-09 22:50:00'),
('1325813141480759298', '1252884495040782337', 'testTask', '1', 0, NULL, 2, '2020-11-09 22:51:00'),
('1325813393134804994', '1252884495040782337', 'testTask', '1', 0, NULL, 2, '2020-11-09 22:52:00'),
('1325813644793044994', '1252884495040782337', 'testTask', '1', 0, NULL, 1, '2020-11-09 22:53:00'),
('1325813896463867906', '1252884495040782337', 'testTask', '1', 0, NULL, 2, '2020-11-09 22:54:00'),
('1325814148201799682', '1252884495040782337', 'testTask', '1', 0, NULL, 4, '2020-11-09 22:55:00'),
('1325814399784542210', '1252884495040782337', 'testTask', '1', 0, NULL, 5, '2020-11-09 22:56:00'),
('1325814651442782209', '1252884495040782337', 'testTask', '1', 0, NULL, 3, '2020-11-09 22:57:00'),
('1325814903075856386', '1252884495040782337', 'testTask', '1', 0, NULL, 3, '2020-11-09 22:58:00'),
('1325815154759262209', '1252884495040782337', 'testTask', '1', 0, NULL, 2, '2020-11-09 22:59:00'),
('1325815406404919298', '1252884495040782337', 'testTask', '1', 0, NULL, 2, '2020-11-09 23:00:00'),
('1325815658092519426', '1252884495040782337', 'testTask', '1', 0, NULL, 6, '2020-11-09 23:01:00'),
('1325815909721399297', '1252884495040782337', 'testTask', '1', 0, NULL, 2, '2020-11-09 23:02:00'),
('1325816161379639297', '1252884495040782337', 'testTask', '1', 0, NULL, 3, '2020-11-09 23:03:00'),
('1325816413046267906', '1252884495040782337', 'testTask', '1', 0, NULL, 3, '2020-11-09 23:04:00'),
('1325816664700313602', '1252884495040782337', 'testTask', '1', 0, NULL, 1, '2020-11-09 23:05:00'),
('1325816916341776385', '1252884495040782337', 'testTask', '1', 0, NULL, 2, '2020-11-09 23:06:00'),
('1325817168008404993', '1252884495040782337', 'testTask', '1', 0, NULL, 2, '2020-11-09 23:07:00'),
('1325817419675033601', '1252884495040782337', 'testTask', '1', 0, NULL, 3, '2020-11-09 23:08:00'),
('1325817671320690689', '1252884495040782337', 'testTask', '1', 0, NULL, 1, '2020-11-09 23:09:00'),
('1325817923016679425', '1252884495040782337', 'testTask', '1', 0, NULL, 1, '2020-11-09 23:10:00'),
('1325940983958953986', '1252884495040782337', 'testTask', '1', 0, NULL, 1, '2020-11-10 07:19:00'),
('1325941235550085122', '1252884495040782337', 'testTask', '1', 0, NULL, 6, '2020-11-10 07:20:00'),
('1325941487183159298', '1252884495040782337', 'testTask', '1', 0, NULL, 2, '2020-11-10 07:21:00'),
('1325941738879148033', '1252884495040782337', 'testTask', '1', 0, NULL, 11, '2020-11-10 07:22:00'),
('1325941990491250689', '1252884495040782337', 'testTask', '1', 0, NULL, 1, '2020-11-10 07:23:00'),
('1325942242153684993', '1252884495040782337', 'testTask', '1', 0, NULL, 2, '2020-11-10 07:24:00'),
('1326138535773810690', '1252884495040782337', 'testTask', '1', 0, NULL, 2, '2020-11-10 20:24:00'),
('1326138787260084226', '1252884495040782337', 'testTask', '1', 0, NULL, 2, '2020-11-10 20:25:00'),
('1326139038909935618', '1252884495040782337', 'testTask', '1', 0, NULL, 1, '2020-11-10 20:26:00'),
('1326139290559787009', '1252884495040782337', 'testTask', '1', 0, NULL, 1, '2020-11-10 20:27:00'),
('1326139542213832706', '1252884495040782337', 'testTask', '1', 0, NULL, 2, '2020-11-10 20:28:00'),
('1326139793867878401', '1252884495040782337', 'testTask', '1', 0, NULL, 2, '2020-11-10 20:29:00'),
('1326140045547089921', '1252884495040782337', 'testTask', '1', 0, NULL, 2, '2020-11-10 20:30:00'),
('1326140297192747009', '1252884495040782337', 'testTask', '1', 0, NULL, 2, '2020-11-10 20:31:00'),
('1326140548884541442', '1252884495040782337', 'testTask', '1', 0, NULL, 2, '2020-11-10 20:32:00'),
('1326140800513421313', '1252884495040782337', 'testTask', '1', 0, NULL, 1, '2020-11-10 20:33:00'),
('1326141052154884097', '1252884495040782337', 'testTask', '1', 0, NULL, 3, '2020-11-10 20:34:00'),
('1326141303825707010', '1252884495040782337', 'testTask', '1', 0, NULL, 1, '2020-11-10 20:35:00'),
('1326141555479752706', '1252884495040782337', 'testTask', '1', 0, NULL, 1, '2020-11-10 20:36:00'),
('1326141807129604097', '1252884495040782337', 'testTask', '1', 0, NULL, 2, '2020-11-10 20:37:00'),
('1326142058792038401', '1252884495040782337', 'testTask', '1', 0, NULL, 1, '2020-11-10 20:38:00'),
('1326142310479638530', '1252884495040782337', 'testTask', '1', 0, NULL, 7, '2020-11-10 20:39:00'),
('1326142562112712706', '1252884495040782337', 'testTask', '1', 0, NULL, 1, '2020-11-10 20:40:00'),
('1326142813779341313', '1252884495040782337', 'testTask', '1', 0, NULL, 2, '2020-11-10 20:41:00'),
('1326143065429192705', '1252884495040782337', 'testTask', '1', 0, NULL, 2, '2020-11-10 20:42:00'),
('1326143317104209921', '1252884495040782337', 'testTask', '1', 0, NULL, 3, '2020-11-10 20:43:00'),
('1326143568749867009', '1252884495040782337', 'testTask', '1', 0, NULL, 3, '2020-11-10 20:44:00'),
('1326143820668153857', '1252884495040782337', 'testTask', '1', 0, NULL, 27, '2020-11-10 20:45:00'),
('1326144072057958401', '1252884495040782337', 'testTask', '1', 0, NULL, 2, '2020-11-10 20:46:00'),
('1326144323728781313', '1252884495040782337', 'testTask', '1', 0, NULL, 2, '2020-11-10 20:47:00'),
('1326144575378632706', '1252884495040782337', 'testTask', '1', 0, NULL, 2, '2020-11-10 20:48:00'),
('1326144827066232834', '1252884495040782337', 'testTask', '1', 0, NULL, 7, '2020-11-10 20:49:00'),
('1326145078699307010', '1252884495040782337', 'testTask', '1', 0, NULL, 2, '2020-11-10 20:50:00'),
('1326145330353352705', '1252884495040782337', 'testTask', '1', 0, NULL, 1, '2020-11-10 20:51:00'),
('1326145582028369922', '1252884495040782337', 'testTask', '1', 0, NULL, 0, '2020-11-10 20:52:00'),
('1326145833674027009', '1252884495040782337', 'testTask', '1', 0, NULL, 1, '2020-11-10 20:53:00'),
('1326146085340655618', '1252884495040782337', 'testTask', '1', 0, NULL, 1, '2020-11-10 20:54:00'),
('1326146336986312705', '1252884495040782337', 'testTask', '1', 0, NULL, 1, '2020-11-10 20:55:00'),
('1326146588636164097', '1252884495040782337', 'testTask', '1', 0, NULL, 1, '2020-11-10 20:56:00'),
('1326146840311181313', '1252884495040782337', 'testTask', '1', 0, NULL, 2, '2020-11-10 20:57:00'),
('1326147091994587138', '1252884495040782337', 'testTask', '1', 0, NULL, 2, '2020-11-10 20:58:00'),
('1326147343610884098', '1252884495040782337', 'testTask', '1', 0, NULL, 3, '2020-11-10 20:59:00'),
('1326147595264929794', '1252884495040782337', 'testTask', '1', 0, NULL, 1, '2020-11-10 21:00:00'),
('1326147846956724225', '1252884495040782337', 'testTask', '1', 0, NULL, 7, '2020-11-10 21:01:00'),
('1326148098585604098', '1252884495040782337', 'testTask', '1', 0, NULL, 1, '2020-11-10 21:02:00'),
('1326148350264815617', '1252884495040782337', 'testTask', '1', 0, NULL, 5, '2020-11-10 21:03:00'),
('1326148601918861313', '1252884495040782337', 'testTask', '1', 0, NULL, 4, '2020-11-10 21:04:00'),
('1326148853560324098', '1252884495040782337', 'testTask', '1', 0, NULL, 2, '2020-11-10 21:05:00'),
('1326149105226952706', '1252884495040782337', 'testTask', '1', 0, NULL, 1, '2020-11-10 21:06:00'),
('1326149356885192706', '1252884495040782337', 'testTask', '1', 0, NULL, 1, '2020-11-10 21:07:00'),
('1326149608543432705', '1252884495040782337', 'testTask', '1', 0, NULL, 2, '2020-11-10 21:08:00'),
('1326149860214255617', '1252884495040782337', 'testTask', '1', 0, NULL, 3, '2020-11-10 21:09:00'),
('1326150111876689922', '1252884495040782337', 'testTask', '1', 0, NULL, 4, '2020-11-10 21:10:00'),
('1326150363518152705', '1252884495040782337', 'testTask', '1', 0, NULL, 2, '2020-11-10 21:11:00'),
('1326150615180587010', '1252884495040782337', 'testTask', '1', 0, NULL, 0, '2020-11-10 21:12:00'),
('1326150866826244097', '1252884495040782337', 'testTask', '1', 0, NULL, 1, '2020-11-10 21:13:00'),
('1326151118497067010', '1252884495040782337', 'testTask', '1', 0, NULL, 1, '2020-11-10 21:14:00'),
('1326151370142724097', '1252884495040782337', 'testTask', '1', 0, NULL, 1, '2020-11-10 21:15:00'),
('1326166218117246978', '1252884495040782337', 'testTask', '1', 0, NULL, 0, '2020-11-10 22:14:00'),
('1326166469691600898', '1252884495040782337', 'testTask', '1', 0, NULL, 4, '2020-11-10 22:15:00'),
('1326166721316286466', '1252884495040782337', 'testTask', '1', 0, NULL, 3, '2020-11-10 22:16:00'),
('1326166972974526465', '1252884495040782337', 'testTask', '1', 0, NULL, 1, '2020-11-10 22:17:00'),
('1326167224771178497', '1252884495040782337', 'testTask', '1', 0, NULL, 13, '2020-11-10 22:18:00'),
('1326167476509110274', '1252884495040782337', 'testTask', '1', 0, NULL, 29, '2020-11-10 22:19:00'),
('1326168482995318786', '1252884495040782337', 'testTask', '1', 0, NULL, 1, '2020-11-10 22:23:00'),
('1326170999594434561', '1252884495040782337', 'testTask', '1', 0, NULL, 1, '2020-11-10 22:33:00'),
('1326171251206537217', '1252884495040782337', 'testTask', '1', 0, NULL, 10, '2020-11-10 22:34:00'),
('1326171502822834177', '1252884495040782337', 'testTask', '1', 0, NULL, 3, '2020-11-10 22:35:00'),
('1326171754468491265', '1252884495040782337', 'testTask', '1', 0, NULL, 2, '2020-11-10 22:36:00'),
('1326174019564617729', '1252884495040782337', 'testTask', '1', 0, NULL, 2, '2020-11-10 22:45:00'),
('1326174271071862785', '1252884495040782337', 'testTask', '1', 0, NULL, 1, '2020-11-10 22:46:00'),
('1326174522700742657', '1252884495040782337', 'testTask', '1', 0, NULL, 1, '2020-11-10 22:47:00'),
('1326174774375759873', '1252884495040782337', 'testTask', '1', 0, NULL, 2, '2020-11-10 22:48:00'),
('1326175026025611265', '1252884495040782337', 'testTask', '1', 0, NULL, 0, '2020-11-10 22:49:00'),
('1326175277696434177', '1252884495040782337', 'testTask', '1', 0, NULL, 2, '2020-11-10 22:50:00'),
('1326175529350479873', '1252884495040782337', 'testTask', '1', 0, NULL, 0, '2020-11-10 22:51:00'),
('1326175781021302786', '1252884495040782337', 'testTask', '1', 0, NULL, 1, '2020-11-10 22:52:00'),
('1326176536088301569', '1252884495040782337', 'testTask', '1', 0, NULL, 1, '2020-11-10 22:55:00'),
('1326176787645878273', '1252884495040782337', 'testTask', '1', 0, NULL, 1, '2020-11-10 22:56:00'),
('1326177039295729666', '1252884495040782337', 'testTask', '1', 0, NULL, 2, '2020-11-10 22:57:00'),
('1326177290953969666', '1252884495040782337', 'testTask', '1', 0, NULL, 1, '2020-11-10 22:58:00'),
('1326177542620598273', '1252884495040782337', 'testTask', '1', 0, NULL, 1, '2020-11-10 22:59:00'),
('1326177794287226882', '1252884495040782337', 'testTask', '1', 0, NULL, 2, '2020-11-10 23:00:00'),
('1326178045924495361', '1252884495040782337', 'testTask', '1', 0, NULL, 1, '2020-11-10 23:01:00'),
('1326178801113149441', '1252884495040782337', 'testTask', '1', 0, NULL, 7, '2020-11-10 23:04:00'),
('1326179052574257154', '1252884495040782337', 'testTask', '1', 0, NULL, 2, '2020-11-10 23:05:00'),
('1326179304236691457', '1252884495040782337', 'testTask', '1', 0, NULL, 3, '2020-11-10 23:06:00'),
('1326180310991257602', '1252884495040782337', 'testTask', '1', 0, NULL, 2, '2020-11-10 23:10:00'),
('1326181317653610497', '1252884495040782337', 'testTask', '1', 0, NULL, 15, '2020-11-10 23:14:00'),
('1326181569160855554', '1252884495040782337', 'testTask', '1', 0, NULL, 1, '2020-11-10 23:15:00'),
('1326181820856844290', '1252884495040782337', 'testTask', '1', 0, NULL, 2, '2020-11-10 23:16:00'),
('1326182072456364033', '1252884495040782337', 'testTask', '1', 0, NULL, 0, '2020-11-10 23:17:00'),
('1326182324114604034', '1252884495040782337', 'testTask', '1', 0, NULL, 1, '2020-11-10 23:18:00'),
('1326182575781232641', '1252884495040782337', 'testTask', '1', 0, NULL, 1, '2020-11-10 23:19:00'),
('1326182827443666945', '1252884495040782337', 'testTask', '1', 0, NULL, 5, '2020-11-10 23:20:00'),
('1326183582561026049', '1252884495040782337', 'testTask', '1', 0, NULL, 1, '2020-11-10 23:23:00'),
('1326183834072465410', '1252884495040782337', 'testTask', '1', 0, NULL, 1, '2020-11-10 23:24:00'),
('1326184589143605250', '1252884495040782337', 'testTask', '1', 0, NULL, 1, '2020-11-10 23:27:00'),
('1326184840705376257', '1252884495040782337', 'testTask', '1', 0, NULL, 1, '2020-11-10 23:28:00'),
('1326529361020579842', '1252884495040782337', 'testTask', '1', 0, NULL, 4, '2020-11-11 22:17:00'),
('1326529612502659074', '1252884495040782337', 'testTask', '1', 0, NULL, 4, '2020-11-11 22:18:00'),
('1326529864139927553', '1252884495040782337', 'testTask', '1', 0, NULL, 0, '2020-11-11 22:19:00'),
('1326530115806556161', '1252884495040782337', 'testTask', '1', 0, NULL, 2, '2020-11-11 22:20:00'),
('1326530367460601857', '1252884495040782337', 'testTask', '1', 0, NULL, 2, '2020-11-11 22:21:00'),
('1326530619123036162', '1252884495040782337', 'testTask', '1', 0, NULL, 2, '2020-11-11 22:22:00'),
('1326530870781276161', '1252884495040782337', 'testTask', '1', 0, NULL, 2, '2020-11-11 22:23:00'),
('1326531877518995458', '1252884495040782337', 'testTask', '1', 0, NULL, 1, '2020-11-11 22:27:00'),
('1326532129076572161', '1252884495040782337', 'testTask', '1', 0, NULL, 1, '2020-11-11 22:28:00'),
('1326532380734812162', '1252884495040782337', 'testTask', '1', 0, NULL, 4, '2020-11-11 22:29:00'),
('1326532632401440770', '1252884495040782337', 'testTask', '1', 0, NULL, 3, '2020-11-11 22:30:00'),
('1326532884047097858', '1252884495040782337', 'testTask', '1', 0, NULL, 2, '2020-11-11 22:31:00'),
('1326533135701143553', '1252884495040782337', 'testTask', '1', 0, NULL, 0, '2020-11-11 22:32:00'),
('1326533387367772161', '1252884495040782337', 'testTask', '1', 0, NULL, 1, '2020-11-11 22:33:00'),
('1326535149109760001', '1252884495040782337', 'testTask', '1', 0, NULL, 1, '2020-11-11 22:40:00'),
('1326535400642170882', '1252884495040782337', 'testTask', '1', 0, NULL, 0, '2020-11-11 22:41:00'),
('1326535652325576706', '1252884495040782337', 'testTask', '1', 0, NULL, 2, '2020-11-11 22:42:00'),
('1326535903958650882', '1252884495040782337', 'testTask', '1', 0, NULL, 1, '2020-11-11 22:43:00'),
('1326537666002423810', '1252884495040782337', 'testTask', '1', 0, NULL, 15, '2020-11-11 22:50:00'),
('1326537917232844801', '1252884495040782337', 'testTask', '1', 0, NULL, 8, '2020-11-11 22:51:00'),
('1326538168870113282', '1252884495040782337', 'testTask', '1', 0, NULL, 1, '2020-11-11 22:52:00'),
('1326539943555756033', '1252884495040782337', 'testTask', '1', 0, NULL, 3, '2020-11-11 22:59:03'),
('1326540182165516290', '1252884495040782337', 'testTask', '1', 0, NULL, 7, '2020-11-11 23:00:00'),
('1326541188882296833', '1252884495040782337', 'testTask', '1', 0, NULL, 1, '2020-11-11 23:04:00'),
('1326541440460845057', '1252884495040782337', 'testTask', '1', 0, NULL, 5, '2020-11-11 23:05:00'),
('1326542195888529409', '1252884495040782337', 'testTask', '1', 0, NULL, 9, '2020-11-11 23:08:00'),
('1326542447072813057', '1252884495040782337', 'testTask', '1', 0, NULL, 2, '2020-11-11 23:09:00'),
('1326543453865132033', '1252884495040782337', 'testTask', '1', 0, NULL, 1, '2020-11-11 23:13:00'),
('1326543705414320129', '1252884495040782337', 'testTask', '1', 0, NULL, 4, '2020-11-11 23:14:00'),
('1326544461106257921', '1252884495040782337', 'testTask', '1', 0, NULL, 27, '2020-11-11 23:17:00'),
('1326544711975968769', '1252884495040782337', 'testTask', '1', 0, NULL, 1, '2020-11-11 23:18:00'),
('1326544963650985986', '1252884495040782337', 'testTask', '1', 0, NULL, 4, '2020-11-11 23:19:00'),
('1326871867809681409', '1252884495040782337', 'testTask', '1', 0, NULL, 3, '2020-11-12 20:58:00'),
('1326872119363063809', '1252884495040782337', 'testTask', '1', 0, NULL, 7, '2020-11-12 20:59:00'),
('1326872371017109505', '1252884495040782337', 'testTask', '1', 0, NULL, 1, '2020-11-12 21:00:00'),
('1326872622679543809', '1252884495040782337', 'testTask', '1', 0, NULL, 5, '2020-11-12 21:01:00'),
('1326872874329395202', '1252884495040782337', 'testTask', '1', 0, NULL, 2, '2020-11-12 21:02:00'),
('1326873126000218114', '1252884495040782337', 'testTask', '1', 0, NULL, 4, '2020-11-12 21:03:00'),
('1326873377650069506', '1252884495040782337', 'testTask', '1', 0, NULL, 1, '2020-11-12 21:04:00'),
('1326873629291532289', '1252884495040782337', 'testTask', '1', 0, NULL, 2, '2020-11-12 21:05:00'),
('1326873880974938114', '1252884495040782337', 'testTask', '1', 0, NULL, 6, '2020-11-12 21:06:00'),
('1326874133560119298', '1252884495040782337', 'testTask', '1', 0, NULL, 1, '2020-11-12 21:07:00'),
('1326879165911138306', '1252884495040782337', 'testTask', '1', 0, NULL, 1, '2020-11-12 21:27:00'),
('1326879417443549185', '1252884495040782337', 'testTask', '1', 0, NULL, 1, '2020-11-12 21:28:00'),
('1326879669135343617', '1252884495040782337', 'testTask', '1', 0, NULL, 2, '2020-11-12 21:29:00'),
('1326879920743251969', '1252884495040782337', 'testTask', '1', 0, NULL, 1, '2020-11-12 21:30:00'),
('1326880172829310978', '1252884495040782337', 'testTask', '1', 0, NULL, 90, '2020-11-12 21:31:00'),
('1326880424105869314', '1252884495040782337', 'testTask', '1', 0, NULL, 4, '2020-11-12 21:32:00'),
('1326880675738943489', '1252884495040782337', 'testTask', '1', 0, NULL, 3, '2020-11-12 21:33:00'),
('1326880927384600578', '1252884495040782337', 'testTask', '1', 0, NULL, 2, '2020-11-12 21:34:00'),
('1326881179055423490', '1252884495040782337', 'testTask', '1', 0, NULL, 3, '2020-11-12 21:35:00'),
('1326881430713663490', '1252884495040782337', 'testTask', '1', 0, NULL, 5, '2020-11-12 21:36:00'),
('1326881682350931969', '1252884495040782337', 'testTask', '1', 0, NULL, 4, '2020-11-12 21:37:00'),
('1326881934034337794', '1252884495040782337', 'testTask', '1', 0, NULL, 3, '2020-11-12 21:38:00'),
('1326882185671606274', '1252884495040782337', 'testTask', '1', 0, NULL, 2, '2020-11-12 21:39:00'),
('1326882437371789313', '1252884495040782337', 'testTask', '1', 0, NULL, 2, '2020-11-12 21:40:00'),
('1326882689013252097', '1252884495040782337', 'testTask', '1', 0, NULL, 1, '2020-11-12 21:41:00'),
('1326882940671492097', '1252884495040782337', 'testTask', '1', 0, NULL, 3, '2020-11-12 21:42:00'),
('1326883192338120705', '1252884495040782337', 'testTask', '1', 0, NULL, 1, '2020-11-12 21:43:00'),
('1326883443975389186', '1252884495040782337', 'testTask', '1', 0, NULL, 3, '2020-11-12 21:44:00'),
('1326883695637823489', '1252884495040782337', 'testTask', '1', 0, NULL, 3, '2020-11-12 21:45:00'),
('1326883947279286273', '1252884495040782337', 'testTask', '1', 0, NULL, 1, '2020-11-12 21:46:00'),
('1326884199327596545', '1252884495040782337', 'testTask', '1', 0, NULL, 13, '2020-11-12 21:47:00'),
('1326884450612543489', '1252884495040782337', 'testTask', '1', 0, NULL, 1, '2020-11-12 21:48:00'),
('1326884702266589185', '1252884495040782337', 'testTask', '1', 0, NULL, 3, '2020-11-12 21:49:00'),
('1326884953945800705', '1252884495040782337', 'testTask', '1', 0, NULL, 4, '2020-11-12 21:50:00'),
('1326885205570486274', '1252884495040782337', 'testTask', '1', 0, NULL, 2, '2020-11-12 21:51:00'),
('1326885457258086402', '1252884495040782337', 'testTask', '1', 0, NULL, 1, '2020-11-12 21:52:00'),
('1326885708912132098', '1252884495040782337', 'testTask', '1', 0, NULL, 3, '2020-11-12 21:53:00'),
('1326885960557789185', '1252884495040782337', 'testTask', '1', 0, NULL, 2, '2020-11-12 21:54:00'),
('1326886212232806402', '1252884495040782337', 'testTask', '1', 0, NULL, 2, '2020-11-12 21:55:00'),
('1326886463878463490', '1252884495040782337', 'testTask', '1', 0, NULL, 2, '2020-11-12 21:56:00'),
('1326886715536703490', '1252884495040782337', 'testTask', '1', 0, NULL, 2, '2020-11-12 21:57:00'),
('1326886967190749186', '1252884495040782337', 'testTask', '1', 0, NULL, 3, '2020-11-12 21:58:00'),
('1326887218861572097', '1252884495040782337', 'testTask', '1', 0, NULL, 2, '2020-11-12 21:59:00'),
('1326887470494646274', '1252884495040782337', 'testTask', '1', 0, NULL, 3, '2020-11-12 22:00:00'),
('1326887722228383745', '1252884495040782337', 'testTask', '1', 0, NULL, 3, '2020-11-12 22:01:00'),
('1326887973823709185', '1252884495040782337', 'testTask', '1', 0, NULL, 2, '2020-11-12 22:02:00'),
('1326888225465171970', '1252884495040782337', 'testTask', '1', 0, NULL, 1, '2020-11-12 22:03:00'),
('1326888477144383489', '1252884495040782337', 'testTask', '1', 0, NULL, 1, '2020-11-12 22:04:00'),
('1327232494042398722', '1252884495040782337', 'testTask', '1', 0, NULL, 0, '2020-11-13 20:51:00'),
('1327233500708986882', '1252884495040782337', 'testTask', '1', 0, NULL, 1, '2020-11-13 20:55:00'),
('1327233752262369282', '1252884495040782337', 'testTask', '1', 0, NULL, 4, '2020-11-13 20:56:00'),
('1327235010675093506', '1252884495040782337', 'testTask', '1', 0, NULL, 0, '2020-11-13 21:01:00'),
('1327235262199115778', '1252884495040782337', 'testTask', '1', 0, NULL, 2, '2020-11-13 21:02:00'),
('1327235513848967170', '1252884495040782337', 'testTask', '1', 0, NULL, 2, '2020-11-13 21:03:00'),
('1327235765507207170', '1252884495040782337', 'testTask', '1', 0, NULL, 0, '2020-11-13 21:04:00'),
('1327236017157058561', '1252884495040782337', 'testTask', '1', 0, NULL, 0, '2020-11-13 21:05:00'),
('1327236268844658690', '1252884495040782337', 'testTask', '1', 0, NULL, 7, '2020-11-13 21:06:00'),
('1327236520481927169', '1252884495040782337', 'testTask', '1', 0, NULL, 2, '2020-11-13 21:07:00'),
('1327240044011937794', '1252884495040782337', 'testTask', '1', 0, NULL, 15, '2020-11-13 21:21:00'),
('1327240295355604994', '1252884495040782337', 'testTask', '1', 0, NULL, 1, '2020-11-13 21:22:00'),
('1327240547030622209', '1252884495040782337', 'testTask', '1', 0, NULL, 1, '2020-11-13 21:23:00'),
('1327240798667890689', '1252884495040782337', 'testTask', '1', 0, NULL, 2, '2020-11-13 21:24:00'),
('1327241050321936386', '1252884495040782337', 'testTask', '1', 0, NULL, 1, '2020-11-13 21:25:00'),
('1327241301988564994', '1252884495040782337', 'testTask', '1', 0, NULL, 1, '2020-11-13 21:26:00'),
('1327241553684553729', '1252884495040782337', 'testTask', '1', 0, NULL, 3, '2020-11-13 21:27:00'),
('1327242560464232450', '1252884495040782337', 'testTask', '1', 0, NULL, 1, '2020-11-13 21:31:00'),
('1327242811950505985', '1252884495040782337', 'testTask', '1', 0, NULL, 2, '2020-11-13 21:32:00'),
('1327243063604551681', '1252884495040782337', 'testTask', '1', 0, NULL, 1, '2020-11-13 21:33:00'),
('1327243315258597378', '1252884495040782337', 'testTask', '1', 0, NULL, 2, '2020-11-13 21:34:00'),
('1327243566912643073', '1252884495040782337', 'testTask', '1', 0, NULL, 1, '2020-11-13 21:35:00'),
('1327243818579271681', '1252884495040782337', 'testTask', '1', 0, NULL, 1, '2020-11-13 21:36:00'),
('1327244070237511682', '1252884495040782337', 'testTask', '1', 0, NULL, 3, '2020-11-13 21:37:00'),
('1327244321912528898', '1252884495040782337', 'testTask', '1', 0, NULL, 6, '2020-11-13 21:38:00'),
('1327244573562380289', '1252884495040782337', 'testTask', '1', 0, NULL, 6, '2020-11-13 21:39:00'),
('1327244825203843073', '1252884495040782337', 'testTask', '1', 0, NULL, 1, '2020-11-13 21:40:00'),
('1327245076870471681', '1252884495040782337', 'testTask', '1', 0, NULL, 1, '2020-11-13 21:41:00'),
('1327245328574849025', '1252884495040782337', 'testTask', '1', 0, NULL, 6, '2020-11-13 21:42:00'),
('1327245580186951681', '1252884495040782337', 'testTask', '1', 0, NULL, 1, '2020-11-13 21:43:00'),
('1327245831861968898', '1252884495040782337', 'testTask', '1', 0, NULL, 8, '2020-11-13 21:44:00'),
('1327246083499237378', '1252884495040782337', 'testTask', '1', 0, NULL, 2, '2020-11-13 21:45:00'),
('1327246335191031810', '1252884495040782337', 'testTask', '1', 0, NULL, 10, '2020-11-13 21:46:00'),
('1327246586819911681', '1252884495040782337', 'testTask', '1', 0, NULL, 1, '2020-11-13 21:47:00'),
('1327246838494928897', '1252884495040782337', 'testTask', '1', 0, NULL, 2, '2020-11-13 21:48:00'),
('1327247090136391682', '1252884495040782337', 'testTask', '1', 0, NULL, 3, '2020-11-13 21:49:00'),
('1327247341819797505', '1252884495040782337', 'testTask', '1', 0, NULL, 3, '2020-11-13 21:50:00'),
('1327247593461260290', '1252884495040782337', 'testTask', '1', 0, NULL, 2, '2020-11-13 21:51:00'),
('1327247845115305985', '1252884495040782337', 'testTask', '1', 0, NULL, 2, '2020-11-13 21:52:00'),
('1327249103696023554', '1252884495040782337', 'testTask', '1', 0, NULL, 6, '2020-11-13 21:57:00'),
('1327249355060662274', '1252884495040782337', 'testTask', '1', 0, NULL, 2, '2020-11-13 21:58:00'),
('1327249606739873793', '1252884495040782337', 'testTask', '1', 0, NULL, 2, '2020-11-13 21:59:00'),
('1327249858385530881', '1252884495040782337', 'testTask', '1', 0, NULL, 1, '2020-11-13 22:00:00'),
('1327250110031187970', '1252884495040782337', 'testTask', '1', 0, NULL, 1, '2020-11-13 22:01:00'),
('1327250361702010882', '1252884495040782337', 'testTask', '1', 0, NULL, 5, '2020-11-13 22:02:00'),
('1327250613347667969', '1252884495040782337', 'testTask', '1', 0, NULL, 2, '2020-11-13 22:03:00'),
('1327250864989130754', '1252884495040782337', 'testTask', '1', 0, NULL, 2, '2020-11-13 22:04:00'),
('1327252626693255170', '1252884495040782337', 'testTask', '1', 0, NULL, 1, '2020-11-13 22:11:00'),
('1327252878280192002', '1252884495040782337', 'testTask', '1', 0, NULL, 5, '2020-11-13 22:12:00'),
('1327255394946486274', '1252884495040782337', 'testTask', '1', 0, NULL, 1, '2020-11-13 22:22:00'),
('1327255646525034498', '1252884495040782337', 'testTask', '1', 0, NULL, 2, '2020-11-13 22:23:00'),
('1327255898166497282', '1252884495040782337', 'testTask', '1', 0, NULL, 0, '2020-11-13 22:24:00'),
('1327256149816348673', '1252884495040782337', 'testTask', '1', 0, NULL, 4, '2020-11-13 22:25:00'),
('1327256401503948801', '1252884495040782337', 'testTask', '1', 0, NULL, 1, '2020-11-13 22:26:00'),
('1327256653149605890', '1252884495040782337', 'testTask', '1', 0, NULL, 3, '2020-11-13 22:27:00'),
('1327256904807845889', '1252884495040782337', 'testTask', '1', 0, NULL, 3, '2020-11-13 22:28:00'),
('1327257911512084482', '1252884495040782337', 'testTask', '1', 0, NULL, 1, '2020-11-13 22:32:00'),
('1327258163094827010', '1252884495040782337', 'testTask', '1', 0, NULL, 1, '2020-11-13 22:33:00'),
('1327259169807454209', '1252884495040782337', 'testTask', '1', 0, NULL, 0, '2020-11-13 22:37:00'),
('1327259421398585346', '1252884495040782337', 'testTask', '1', 0, NULL, 2, '2020-11-13 22:38:00'),
('1327259673031659521', '1252884495040782337', 'testTask', '1', 0, NULL, 1, '2020-11-13 22:39:00'),
('1327259924694093825', '1252884495040782337', 'testTask', '1', 0, NULL, 2, '2020-11-13 22:40:00'),
('1327260176356528129', '1252884495040782337', 'testTask', '1', 0, NULL, 2, '2020-11-13 22:41:00'),
('1327260428018962433', '1252884495040782337', 'testTask', '1', 0, NULL, 3, '2020-11-13 22:42:00'),
('1327260679685591041', '1252884495040782337', 'testTask', '1', 0, NULL, 1, '2020-11-13 22:43:00'),
('1327260931322859521', '1252884495040782337', 'testTask', '1', 0, NULL, 7, '2020-11-13 22:44:00'),
('1327261182993682433', '1252884495040782337', 'testTask', '1', 0, NULL, 3, '2020-11-13 22:45:00'),
('1327261434647728130', '1252884495040782337', 'testTask', '1', 0, NULL, 2, '2020-11-13 22:46:00'),
('1327261686322745345', '1252884495040782337', 'testTask', '1', 0, NULL, 4, '2020-11-13 22:47:00'),
('1327261937964208130', '1252884495040782337', 'testTask', '1', 0, NULL, 2, '2020-11-13 22:48:00'),
('1327262189614059522', '1252884495040782337', 'testTask', '1', 0, NULL, 1, '2020-11-13 22:49:00'),
('1327262441276493826', '1252884495040782337', 'testTask', '1', 0, NULL, 1, '2020-11-13 22:50:00'),
('1327262692938928130', '1252884495040782337', 'testTask', '1', 0, NULL, 1, '2020-11-13 22:51:00'),
('1327262944588779522', '1252884495040782337', 'testTask', '1', 0, NULL, 14, '2020-11-13 22:52:00'),
('1327263196263796738', '1252884495040782337', 'testTask', '1', 0, NULL, 1, '2020-11-13 22:53:00'),
('1327263447922036737', '1252884495040782337', 'testTask', '1', 0, NULL, 1, '2020-11-13 22:54:00'),
('1327263699563499522', '1252884495040782337', 'testTask', '1', 0, NULL, 1, '2020-11-13 22:55:00'),
('1327263951246905345', '1252884495040782337', 'testTask', '1', 0, NULL, 6, '2020-11-13 22:56:00'),
('1327264202892562434', '1252884495040782337', 'testTask', '1', 0, NULL, 2, '2020-11-13 22:57:00'),
('1327266719554666498', '1252884495040782337', 'testTask', '1', 0, NULL, 1, '2020-11-13 23:07:00'),
('1327450178432655362', '1252884495040782337', 'testTask', '1', 0, NULL, 1, '2020-11-14 11:16:00'),
('1327450430145421314', '1252884495040782337', 'testTask', '1', 0, NULL, 16, '2020-11-14 11:17:00'),
('1327521397743849474', '1252884495040782337', 'testTask', '1', 0, NULL, 2, '2020-11-14 15:59:00'),
('1327521649272066049', '1252884495040782337', 'testTask', '1', 0, NULL, 1, '2020-11-14 16:00:00'),
('1327521900942888961', '1252884495040782337', 'testTask', '1', 0, NULL, 2, '2020-11-14 16:01:00'),
('1327522152588546050', '1252884495040782337', 'testTask', '1', 0, NULL, 1, '2020-11-14 16:02:00'),
('1327524921500270594', '1252884495040782337', 'testTask', '1', 0, NULL, 10, '2020-11-14 16:13:00'),
('1327525172483227649', '1252884495040782337', 'testTask', '1', 0, NULL, 1, '2020-11-14 16:14:00'),
('1327525424149856257', '1252884495040782337', 'testTask', '1', 0, NULL, 1, '2020-11-14 16:15:00'),
('1327525675803901954', '1252884495040782337', 'testTask', '1', 0, NULL, 2, '2020-11-14 16:16:00'),
('1327525927508279298', '1252884495040782337', 'testTask', '1', 0, NULL, 7, '2020-11-14 16:17:00'),
('1327526179120381953', '1252884495040782337', 'testTask', '1', 0, NULL, 1, '2020-11-14 16:18:00'),
('1327526430770233345', '1252884495040782337', 'testTask', '1', 0, NULL, 1, '2020-11-14 16:19:00'),
('1327526682449444866', '1252884495040782337', 'testTask', '1', 0, NULL, 1, '2020-11-14 16:20:00'),
('1327526934141239298', '1252884495040782337', 'testTask', '1', 0, NULL, 5, '2020-11-14 16:21:00'),
('1327527185753341954', '1252884495040782337', 'testTask', '1', 0, NULL, 2, '2020-11-14 16:22:00'),
('1327527437512245249', '1252884495040782337', 'testTask', '1', 0, NULL, 2, '2020-11-14 16:23:00'),
('1327529199136669698', '1252884495040782337', 'testTask', '1', 0, NULL, 0, '2020-11-14 16:30:00'),
('1327529450681663490', '1252884495040782337', 'testTask', '1', 0, NULL, 2, '2020-11-14 16:31:00'),
('1327529702339903489', '1252884495040782337', 'testTask', '1', 0, NULL, 2, '2020-11-14 16:32:00'),
('1327529953989754882', '1252884495040782337', 'testTask', '1', 0, NULL, 1, '2020-11-14 16:33:00'),
('1327530205647994882', '1252884495040782337', 'testTask', '1', 0, NULL, 2, '2020-11-14 16:34:00'),
('1327530457318817794', '1252884495040782337', 'testTask', '1', 0, NULL, 2, '2020-11-14 16:35:00'),
('1327530708968669186', '1252884495040782337', 'testTask', '1', 0, NULL, 5, '2020-11-14 16:36:00'),
('1327531464044060673', '1252884495040782337', 'testTask', '1', 0, NULL, 0, '2020-11-14 16:39:00'),
('1327531715605831682', '1252884495040782337', 'testTask', '1', 0, NULL, 3, '2020-11-14 16:40:00'),
('1327531967268265986', '1252884495040782337', 'testTask', '1', 0, NULL, 4, '2020-11-14 16:41:00'),
('1327532218905534466', '1252884495040782337', 'testTask', '1', 0, NULL, 1, '2020-11-14 16:42:00'),
('1327532470559580162', '1252884495040782337', 'testTask', '1', 0, NULL, 1, '2020-11-14 16:43:00'),
('1327532722242985986', '1252884495040782337', 'testTask', '1', 0, NULL, 1, '2020-11-14 16:44:00'),
('1327532973880254465', '1252884495040782337', 'testTask', '1', 0, NULL, 2, '2020-11-14 16:45:00'),
('1327533225559465985', '1252884495040782337', 'testTask', '1', 0, NULL, 2, '2020-11-14 16:46:00'),
('1327533477217705986', '1252884495040782337', 'testTask', '1', 0, NULL, 1, '2020-11-14 16:47:00'),
('1327533728863363074', '1252884495040782337', 'testTask', '1', 0, NULL, 2, '2020-11-14 16:48:00'),
('1327533980513214466', '1252884495040782337', 'testTask', '1', 0, NULL, 3, '2020-11-14 16:49:00'),
('1327534735597015042', '1252884495040782337', 'testTask', '1', 0, NULL, 1, '2020-11-14 16:52:00'),
('1327534987167174657', '1252884495040782337', 'testTask', '1', 0, NULL, 4, '2020-11-14 16:53:00'),
('1327535238833803266', '1252884495040782337', 'testTask', '1', 0, NULL, 1, '2020-11-14 16:54:00'),
('1327535490479460354', '1252884495040782337', 'testTask', '1', 0, NULL, 1, '2020-11-14 16:55:00'),
('1327535742129311745', '1252884495040782337', 'testTask', '1', 0, NULL, 2, '2020-11-14 16:56:00'),
('1327535993837883393', '1252884495040782337', 'testTask', '1', 0, NULL, 9, '2020-11-14 16:57:00'),
('1327536245445791745', '1252884495040782337', 'testTask', '1', 0, NULL, 1, '2020-11-14 16:58:00'),
('1327536497104031746', '1252884495040782337', 'testTask', '1', 0, NULL, 1, '2020-11-14 16:59:00'),
('1327536748766466050', '1252884495040782337', 'testTask', '1', 0, NULL, 1, '2020-11-14 17:00:00'),
('1327537000433094657', '1252884495040782337', 'testTask', '1', 0, NULL, 0, '2020-11-14 17:01:00'),
('1327537252070363137', '1252884495040782337', 'testTask', '1', 0, NULL, 1, '2020-11-14 17:02:00'),
('1327537503745380354', '1252884495040782337', 'testTask', '1', 0, NULL, 1, '2020-11-14 17:03:00'),
('1327537755395231746', '1252884495040782337', 'testTask', '1', 0, NULL, 1, '2020-11-14 17:04:00'),
('1327538007057666049', '1252884495040782337', 'testTask', '1', 0, NULL, 2, '2020-11-14 17:05:00'),
('1327540020420026369', '1252884495040782337', 'testTask', '1', 0, NULL, 0, '2020-11-14 17:13:00'),
('1327540271981797378', '1252884495040782337', 'testTask', '1', 0, NULL, 1, '2020-11-14 17:14:00'),
('1327540523640037377', '1252884495040782337', 'testTask', '1', 0, NULL, 2, '2020-11-14 17:15:00'),
('1327541530352738305', '1252884495040782337', 'testTask', '1', 0, NULL, 1, '2020-11-14 17:19:00'),
('1327542291371466753', '1252884495040782337', 'testTask', '1', 0, NULL, 4, '2020-11-14 17:22:01'),
('1327542536918605825', '1252884495040782337', 'testTask', '1', 0, NULL, 0, '2020-11-14 17:23:00'),
('1327542788576845826', '1252884495040782337', 'testTask', '1', 0, NULL, 6, '2020-11-14 17:24:00'),
('1327543543639638017', '1252884495040782337', 'testTask', '1', 0, NULL, 4, '2020-11-14 17:27:00'),
('1327544298626965506', '1252884495040782337', 'testTask', '1', 0, NULL, 1, '2020-11-14 17:30:00'),
('1327544550176153601', '1252884495040782337', 'testTask', '1', 0, NULL, 2, '2020-11-14 17:31:00'),
('1327544801830199298', '1252884495040782337', 'testTask', '1', 0, NULL, 1, '2020-11-14 17:32:00'),
('1327545053475856385', '1252884495040782337', 'testTask', '1', 0, NULL, 3, '2020-11-14 17:33:00'),
('1327545305150873602', '1252884495040782337', 'testTask', '1', 0, NULL, 1, '2020-11-14 17:34:00'),
('1327545556804919297', '1252884495040782337', 'testTask', '1', 0, NULL, 3, '2020-11-14 17:35:00'),
('1327545808475742210', '1252884495040782337', 'testTask', '1', 0, NULL, 4, '2020-11-14 17:36:00'),
('1327546060125593602', '1252884495040782337', 'testTask', '1', 0, NULL, 0, '2020-11-14 17:37:00'),
('1327546311767056386', '1252884495040782337', 'testTask', '1', 0, NULL, 1, '2020-11-14 17:38:00'),
('1327546563433684993', '1252884495040782337', 'testTask', '1', 0, NULL, 2, '2020-11-14 17:39:00'),
('1327546815108702210', '1252884495040782337', 'testTask', '1', 0, NULL, 2, '2020-11-14 17:40:00'),
('1327547066762747905', '1252884495040782337', 'testTask', '1', 0, NULL, 5, '2020-11-14 17:41:00'),
('1327547821854818305', '1252884495040782337', 'testTask', '1', 0, NULL, 2, '2020-11-14 17:44:00'),
('1327548073399812098', '1252884495040782337', 'testTask', '1', 0, NULL, 1, '2020-11-14 17:45:00'),
('1327548325037080577', '1252884495040782337', 'testTask', '1', 0, NULL, 1, '2020-11-14 17:46:00'),
('1327548576703709185', '1252884495040782337', 'testTask', '1', 0, NULL, 2, '2020-11-14 17:47:00'),
('1327548828353560577', '1252884495040782337', 'testTask', '1', 0, NULL, 1, '2020-11-14 17:48:00'),
('1327549583445757954', '1252884495040782337', 'testTask', '1', 0, NULL, 3, '2020-11-14 17:51:00'),
('1327549835007528962', '1252884495040782337', 'testTask', '1', 0, NULL, 1, '2020-11-14 17:52:00'),
('1327550590099734529', '1252884495040782337', 'testTask', '1', 0, NULL, 1, '2020-11-14 17:55:00'),
('1327550841653116930', '1252884495040782337', 'testTask', '1', 0, NULL, 6, '2020-11-14 17:56:00'),
('1327551093286191105', '1252884495040782337', 'testTask', '1', 0, NULL, 2, '2020-11-14 17:57:00'),
('1327551848369930242', '1252884495040782337', 'testTask', '1', 0, NULL, 1, '2020-11-14 18:00:00'),
('1327552099927506945', '1252884495040782337', 'testTask', '1', 0, NULL, 1, '2020-11-14 18:01:00'),
('1327552351585746946', '1252884495040782337', 'testTask', '1', 0, NULL, 2, '2020-11-14 18:02:00'),
('1327552603227209729', '1252884495040782337', 'testTask', '1', 0, NULL, 2, '2020-11-14 18:03:00'),
('1327552854893838337', '1252884495040782337', 'testTask', '1', 0, NULL, 1, '2020-11-14 18:04:00'),
('1327553106560466946', '1252884495040782337', 'testTask', '1', 0, NULL, 1, '2020-11-14 18:05:00'),
('1327553358214512641', '1252884495040782337', 'testTask', '1', 0, NULL, 2, '2020-11-14 18:06:00'),
('1327553609860169730', '1252884495040782337', 'testTask', '1', 0, NULL, 1, '2020-11-14 18:07:00'),
('1327553861593907201', '1252884495040782337', 'testTask', '1', 0, NULL, 1, '2020-11-14 18:08:00'),
('1327557888603873282', '1252884495040782337', 'testTask', '1', 0, NULL, 3, '2020-11-14 18:24:00'),
('1327558139733630977', '1252884495040782337', 'testTask', '1', 0, NULL, 5, '2020-11-14 18:25:00'),
('1327558391421231105', '1252884495040782337', 'testTask', '1', 0, NULL, 6, '2020-11-14 18:26:00'),
('1327559147142524930', '1252884495040782337', 'testTask', '1', 0, NULL, 10, '2020-11-14 18:29:00'),
('1327559398037401601', '1252884495040782337', 'testTask', '1', 0, NULL, 5, '2020-11-14 18:30:00'),
('1327559649674670081', '1252884495040782337', 'testTask', '1', 0, NULL, 7, '2020-11-14 18:31:00'),
('1327559901370658817', '1252884495040782337', 'testTask', '1', 0, NULL, 5, '2020-11-14 18:32:00'),
('1327560153582546946', '1252884495040782337', 'testTask', '1', 0, NULL, 48, '2020-11-14 18:33:00'),
('1327560405114957826', '1252884495040782337', 'testTask', '1', 0, NULL, 70, '2020-11-14 18:34:00'),
('1327561160337133570', '1252884495040782337', 'testTask', '1', 0, NULL, 5, '2020-11-14 18:37:00'),
('1327561411479474178', '1252884495040782337', 'testTask', '1', 0, NULL, 6, '2020-11-14 18:38:00'),
('1327562418594799617', '1252884495040782337', 'testTask', '1', 0, NULL, 10, '2020-11-14 18:42:00'),
('1327562669611311105', '1252884495040782337', 'testTask', '1', 0, NULL, 4, '2020-11-14 18:43:00'),
('1327562921223413762', '1252884495040782337', 'testTask', '1', 0, NULL, 5, '2020-11-14 18:44:00'),
('1327563172923596801', '1252884495040782337', 'testTask', '1', 0, NULL, 1, '2020-11-14 18:45:00'),
('1327563424627974145', '1252884495040782337', 'testTask', '1', 0, NULL, 11, '2020-11-14 18:46:00'),
('1327563676193939457', '1252884495040782337', 'testTask', '1', 0, NULL, 4, '2020-11-14 18:47:00'),
('1327563928007368705', '1252884495040782337', 'testTask', '1', 0, NULL, 5, '2020-11-14 18:48:00'),
('1327564179548168193', '1252884495040782337', 'testTask', '1', 0, NULL, 8, '2020-11-14 18:49:00'),
('1327564431227379714', '1252884495040782337', 'testTask', '1', 0, NULL, 12, '2020-11-14 18:50:00'),
('1327564682868842497', '1252884495040782337', 'testTask', '1', 0, NULL, 1, '2020-11-14 18:51:00'),
('1327564934501916673', '1252884495040782337', 'testTask', '1', 0, NULL, 5, '2020-11-14 18:52:00'),
('1327565186143379458', '1252884495040782337', 'testTask', '1', 0, NULL, 1, '2020-11-14 18:53:00'),
('1327565437805813761', '1252884495040782337', 'testTask', '1', 0, NULL, 0, '2020-11-14 18:54:00'),
('1327565689514385409', '1252884495040782337', 'testTask', '1', 0, NULL, 12, '2020-11-14 18:55:00'),
('1327565941109710849', '1252884495040782337', 'testTask', '1', 0, NULL, 2, '2020-11-14 18:56:00'),
('1327566192793116673', '1252884495040782337', 'testTask', '1', 0, NULL, 2, '2020-11-14 18:57:00'),
('1327566444438773761', '1252884495040782337', 'testTask', '1', 0, NULL, 1, '2020-11-14 18:58:00'),
('1327566696084430850', '1252884495040782337', 'testTask', '1', 0, NULL, 4, '2020-11-14 18:59:00'),
('1327566947763642370', '1252884495040782337', 'testTask', '1', 0, NULL, 2, '2020-11-14 19:00:00'),
('1327567199413493761', '1252884495040782337', 'testTask', '1', 0, NULL, 0, '2020-11-14 19:01:00'),
('1327567451075928066', '1252884495040782337', 'testTask', '1', 0, NULL, 0, '2020-11-14 19:02:00'),
('1327567702725779457', '1252884495040782337', 'testTask', '1', 0, NULL, 4, '2020-11-14 19:03:00'),
('1327631624069742594', '1252884495040782337', 'testTask', '1', 0, NULL, 2, '2020-11-14 23:17:00'),
('1327631875597959170', '1252884495040782337', 'testTask', '1', 0, NULL, 3, '2020-11-14 23:18:00'),
('1327632127235227650', '1252884495040782337', 'testTask', '1', 0, NULL, 3, '2020-11-14 23:19:00'),
('1327632378973159425', '1252884495040782337', 'testTask', '1', 0, NULL, 16, '2020-11-14 23:20:00'),
('1327632379073859586', '1252884495040782337', 'testTask', '1', 0, NULL, 3, '2020-11-14 23:20:00'),
('1327632630761459714', '1252884495040782337', 'testTask', '1', 0, NULL, 9, '2020-11-14 23:21:00'),
('1327632630765617154', '1252884495040782337', 'testTask', '1', 0, NULL, 51, '2020-11-14 23:21:00'),
('1327632882201559042', '1252884495040782337', 'testTask', '1', 0, NULL, 2, '2020-11-14 23:22:00'),
('1327632882247733249', '1252884495040782337', 'testTask', '1', 0, NULL, 2, '2020-11-14 23:22:00'),
('1327633133876576257', '1252884495040782337', 'testTask', '1', 0, NULL, 4, '2020-11-14 23:23:00'),
('1327633133922750466', '1252884495040782337', 'testTask', '1', 0, NULL, 2, '2020-11-14 23:23:00'),
('1327633385543204866', '1252884495040782337', 'testTask', '1', 0, NULL, 2, '2020-11-14 23:24:00'),
('1327633385576796162', '1252884495040782337', 'testTask', '1', 0, NULL, 2, '2020-11-14 23:24:00'),
('1327633637205676034', '1252884495040782337', 'testTask', '1', 0, NULL, 3, '2020-11-14 23:25:00'),
('1327633637230804994', '1252884495040782337', 'testTask', '1', 0, NULL, 10, '2020-11-14 23:25:00'),
('1327633888834555905', '1252884495040782337', 'testTask', '1', 0, NULL, 3, '2020-11-14 23:26:00'),
('1327633888855490562', '1252884495040782337', 'testTask', '1', 0, NULL, 5, '2020-11-14 23:26:00'),
('1327634140534738946', '1252884495040782337', 'testTask', '1', 0, NULL, 8, '2020-11-14 23:27:00'),
('1327634140559867905', '1252884495040782337', 'testTask', '1', 0, NULL, 8, '2020-11-14 23:27:00'),
('1327634392171970562', '1252884495040782337', 'testTask', '1', 0, NULL, 12, '2020-11-14 23:28:00'),
('1327634643893125122', '1252884495040782337', 'testTask', '1', 0, NULL, 10, '2020-11-14 23:29:00'),
('1327634895475867650', '1252884495040782337', 'testTask', '1', 0, NULL, 1, '2020-11-14 23:30:00'),
('1327635147138301954', '1252884495040782337', 'testTask', '1', 0, NULL, 2, '2020-11-14 23:31:00'),
('1327635398804930561', '1252884495040782337', 'testTask', '1', 0, NULL, 2, '2020-11-14 23:32:00'),
('1327635650479947777', '1252884495040782337', 'testTask', '1', 0, NULL, 9, '2020-11-14 23:33:00'),
('1327635902163353601', '1252884495040782337', 'testTask', '1', 0, NULL, 6, '2020-11-14 23:34:00'),
('1327636153901285378', '1252884495040782337', 'testTask', '1', 0, NULL, 9, '2020-11-14 23:35:00'),
('1327636405442084866', '1252884495040782337', 'testTask', '1', 0, NULL, 5, '2020-11-14 23:36:00');
INSERT INTO `sys_job_log` (`id`, `job_id`, `bean_name`, `params`, `status`, `error`, `times`, `create_time`) VALUES
('1327636405521838081', '1252884495040782337', 'testTask', '1', 0, NULL, 1, '2020-11-14 23:36:00'),
('1327642193657090049', '1252884495040782337', 'testTask', '1', 0, NULL, 2, '2020-11-14 23:59:00'),
('1327642445281775617', '1252884495040782337', 'testTask', '1', 0, NULL, 11, '2020-11-15 00:00:00'),
('1327642696919044098', '1252884495040782337', 'testTask', '1', 0, NULL, 4, '2020-11-15 00:01:00'),
('1327642948573089793', '1252884495040782337', 'testTask', '1', 0, NULL, 8, '2020-11-15 00:02:00'),
('1327643200214552577', '1252884495040782337', 'testTask', '1', 0, NULL, 3, '2020-11-15 00:03:00'),
('1327643451889569793', '1252884495040782337', 'testTask', '1', 0, NULL, 4, '2020-11-15 00:04:00'),
('1327643703526838273', '1252884495040782337', 'testTask', '1', 0, NULL, 4, '2020-11-15 00:05:00'),
('1327643955189272578', '1252884495040782337', 'testTask', '1', 0, NULL, 3, '2020-11-15 00:06:00'),
('1327644458606395394', '1252884495040782337', 'testTask', '1', 0, NULL, 2, '2020-11-15 00:08:00'),
('1327644710176555009', '1252884495040782337', 'testTask', '1', 0, NULL, 6, '2020-11-15 00:09:00'),
('1327644966012321793', '1252884495040782337', 'testTask', '1', 0, NULL, 216, '2020-11-15 00:10:01'),
('1327645213581115394', '1252884495040782337', 'testTask', '1', 0, NULL, 14, '2020-11-15 00:11:00'),
('1327645465138692098', '1252884495040782337', 'testTask', '1', 0, NULL, 3, '2020-11-15 00:12:00'),
('1327645716876623873', '1252884495040782337', 'testTask', '1', 0, NULL, 19, '2020-11-15 00:13:00'),
('1327646220189028353', '1252884495040782337', 'testTask', '1', 0, NULL, 1, '2020-11-15 00:15:00'),
('1327646471771770882', '1252884495040782337', 'testTask', '1', 0, NULL, 3, '2020-11-15 00:16:00'),
('1327646723442593793', '1252884495040782337', 'testTask', '1', 0, NULL, 4, '2020-11-15 00:17:00'),
('1327646975092445186', '1252884495040782337', 'testTask', '1', 0, NULL, 3, '2020-11-15 00:18:00'),
('1327647226738102273', '1252884495040782337', 'testTask', '1', 0, NULL, 1, '2020-11-15 00:19:00'),
('1327647478417313793', '1252884495040782337', 'testTask', '1', 0, NULL, 3, '2020-11-15 00:20:00'),
('1327647981830266881', '1252884495040782337', 'testTask', '1', 0, NULL, 1, '2020-11-15 00:22:00'),
('1327648233484312578', '1252884495040782337', 'testTask', '1', 0, NULL, 5, '2020-11-15 00:23:00'),
('1327648485096415233', '1252884495040782337', 'testTask', '1', 0, NULL, 11, '2020-11-15 00:24:00'),
('1327648736704323586', '1252884495040782337', 'testTask', '1', 0, NULL, 5, '2020-11-15 00:25:00'),
('1327648988345786369', '1252884495040782337', 'testTask', '1', 0, NULL, 2, '2020-11-15 00:26:00'),
('1327649240020803586', '1252884495040782337', 'testTask', '1', 0, NULL, 5, '2020-11-15 00:27:00'),
('1327695545111797761', '1252884495040782337', 'testTask', '1', 0, NULL, 3, '2020-11-15 03:31:00'),
('1327695796820369410', '1252884495040782337', 'testTask', '1', 0, NULL, 6, '2020-11-15 03:32:00'),
('1327696048453443586', '1252884495040782337', 'testTask', '1', 0, NULL, 3, '2020-11-15 03:33:00'),
('1327696300111683586', '1252884495040782337', 'testTask', '1', 0, NULL, 7, '2020-11-15 03:34:00'),
('1327696552990466050', '1252884495040782337', 'testTask', '1', 0, NULL, 295, '2020-11-15 03:35:00'),
('1327696803709181953', '1252884495040782337', 'testTask', '1', 0, NULL, 73, '2020-11-15 03:36:00'),
('1327697055078014977', '1252884495040782337', 'testTask', '1', 0, NULL, 6, '2020-11-15 03:37:00'),
('1327697306740449282', '1252884495040782337', 'testTask', '1', 0, NULL, 2, '2020-11-15 03:38:00'),
('1327697559669563393', '1252884495040782337', 'testTask', '1', 0, NULL, 306, '2020-11-15 03:39:00'),
('1327697811034202114', '1252884495040782337', 'testTask', '1', 0, NULL, 233, '2020-11-15 03:40:00'),
('1327698062075879425', '1252884495040782337', 'testTask', '1', 0, NULL, 92, '2020-11-15 03:41:00'),
('1327698313377603586', '1252884495040782337', 'testTask', '1', 0, NULL, 8, '2020-11-15 03:42:00'),
('1327698565019066370', '1252884495040782337', 'testTask', '1', 0, NULL, 2, '2020-11-15 03:43:00'),
('1327698816694083585', '1252884495040782337', 'testTask', '1', 0, NULL, 6, '2020-11-15 03:44:00'),
('1327699068348129282', '1252884495040782337', 'testTask', '1', 0, NULL, 5, '2020-11-15 03:45:00'),
('1327699320010563585', '1252884495040782337', 'testTask', '1', 0, NULL, 5, '2020-11-15 03:46:00'),
('1327699571656220673', '1252884495040782337', 'testTask', '1', 0, NULL, 2, '2020-11-15 03:47:00'),
('1327699823318654977', '1252884495040782337', 'testTask', '1', 0, NULL, 5, '2020-11-15 03:48:00'),
('1327700074981089281', '1252884495040782337', 'testTask', '1', 0, NULL, 6, '2020-11-15 03:49:00'),
('1327700326630940674', '1252884495040782337', 'testTask', '1', 0, NULL, 2, '2020-11-15 03:50:00'),
('1327700578284986370', '1252884495040782337', 'testTask', '1', 0, NULL, 3, '2020-11-15 03:51:00'),
('1327700829947420673', '1252884495040782337', 'testTask', '1', 0, NULL, 2, '2020-11-15 03:52:00'),
('1327701081605660673', '1252884495040782337', 'testTask', '1', 0, NULL, 2, '2020-11-15 03:53:00'),
('1327701333263900674', '1252884495040782337', 'testTask', '1', 0, NULL, 4, '2020-11-15 03:54:00'),
('1327701584926334978', '1252884495040782337', 'testTask', '1', 0, NULL, 4, '2020-11-15 03:55:00'),
('1327701836588769281', '1252884495040782337', 'testTask', '1', 0, NULL, 6, '2020-11-15 03:56:00'),
('1327702088226037761', '1252884495040782337', 'testTask', '1', 0, NULL, 1, '2020-11-15 03:57:00'),
('1327702339884277761', '1252884495040782337', 'testTask', '1', 0, NULL, 3, '2020-11-15 03:58:00'),
('1327702591563489282', '1252884495040782337', 'testTask', '1', 0, NULL, 7, '2020-11-15 03:59:00'),
('1327702843225923586', '1252884495040782337', 'testTask', '1', 0, NULL, 4, '2020-11-15 04:00:00'),
('1327748645008826369', '1252884495040782337', 'testTask', '1', 0, NULL, 2, '2020-11-15 07:02:00'),
('1327748896658677762', '1252884495040782337', 'testTask', '1', 0, NULL, 2, '2020-11-15 07:03:00'),
('1327749148346277890', '1252884495040782337', 'testTask', '1', 0, NULL, 5, '2020-11-15 07:04:00'),
('1327749400545583106', '1252884495040782337', 'testTask', '1', 0, NULL, 135, '2020-11-15 07:05:00'),
('1327749652044439553', '1252884495040782337', 'testTask', '1', 0, NULL, 98, '2020-11-15 07:06:00'),
('1327749903308414977', '1252884495040782337', 'testTask', '1', 0, NULL, 2, '2020-11-15 07:07:00'),
('1327750154962460674', '1252884495040782337', 'testTask', '1', 0, NULL, 3, '2020-11-15 07:08:00'),
('1327750407606362114', '1252884495040782337', 'testTask', '1', 0, NULL, 239, '2020-11-15 07:09:00'),
('1327750659935690753', '1252884495040782337', 'testTask', '1', 0, NULL, 395, '2020-11-15 07:10:00'),
('1327750911338078209', '1252884495040782337', 'testTask', '1', 0, NULL, 335, '2020-11-15 07:11:00'),
('1327751162648190978', '1252884495040782337', 'testTask', '1', 0, NULL, 252, '2020-11-15 07:12:00'),
('1327751413425627137', '1252884495040782337', 'testTask', '1', 0, NULL, 43, '2020-11-15 07:13:00'),
('1327751665587183618', '1252884495040782337', 'testTask', '1', 0, NULL, 165, '2020-11-15 07:14:00'),
('1327751916570140673', '1252884495040782337', 'testTask', '1', 0, NULL, 4, '2020-11-15 07:15:00'),
('1327752168240963585', '1252884495040782337', 'testTask', '1', 0, NULL, 5, '2020-11-15 07:16:00'),
('1327752419890814978', '1252884495040782337', 'testTask', '1', 0, NULL, 3, '2020-11-15 07:17:00'),
('1327752671557443586', '1252884495040782337', 'testTask', '1', 0, NULL, 6, '2020-11-15 07:18:00'),
('1327752923198906370', '1252884495040782337', 'testTask', '1', 0, NULL, 3, '2020-11-15 07:19:00'),
('1327753174865534978', '1252884495040782337', 'testTask', '1', 0, NULL, 2, '2020-11-15 07:20:00'),
('1327753426515386369', '1252884495040782337', 'testTask', '1', 0, NULL, 3, '2020-11-15 07:21:00'),
('1327753678186209282', '1252884495040782337', 'testTask', '1', 0, NULL, 6, '2020-11-15 07:22:00'),
('1327753929836060674', '1252884495040782337', 'testTask', '1', 0, NULL, 5, '2020-11-15 07:23:00'),
('1327754181477523457', '1252884495040782337', 'testTask', '1', 0, NULL, 2, '2020-11-15 07:24:00'),
('1327754433177706497', '1252884495040782337', 'testTask', '1', 0, NULL, 9, '2020-11-15 07:25:00'),
('1327754684806586369', '1252884495040782337', 'testTask', '1', 0, NULL, 3, '2020-11-15 07:26:00'),
('1327754936464826369', '1252884495040782337', 'testTask', '1', 0, NULL, 2, '2020-11-15 07:27:00'),
('1327755188471193602', '1252884495040782337', 'testTask', '1', 0, NULL, 84, '2020-11-15 07:28:00'),
('1327755439785500674', '1252884495040782337', 'testTask', '1', 0, NULL, 2, '2020-11-15 07:29:00'),
('1327755691439546369', '1252884495040782337', 'testTask', '1', 0, NULL, 3, '2020-11-15 07:30:00'),
('1327755943110369281', '1252884495040782337', 'testTask', '1', 0, NULL, 5, '2020-11-15 07:31:00'),
('1327756194751832065', '1252884495040782337', 'testTask', '1', 0, NULL, 2, '2020-11-15 07:32:00'),
('1327768777668026370', '1252884495040782337', 'testTask', '1', 0, NULL, 1, '2020-11-15 08:22:00'),
('1327769029355626497', '1252884495040782337', 'testTask', '1', 0, NULL, 4, '2020-11-15 08:23:00'),
('1327769280992894977', '1252884495040782337', 'testTask', '1', 0, NULL, 3, '2020-11-15 08:24:00'),
('1327769532642746369', '1252884495040782337', 'testTask', '1', 0, NULL, 4, '2020-11-15 08:25:00'),
('1327769784317763586', '1252884495040782337', 'testTask', '1', 0, NULL, 7, '2020-11-15 08:26:00'),
('1327770035963420673', '1252884495040782337', 'testTask', '1', 0, NULL, 2, '2020-11-15 08:27:00'),
('1327770287621660674', '1252884495040782337', 'testTask', '1', 0, NULL, 4, '2020-11-15 08:28:00'),
('1327770539296677889', '1252884495040782337', 'testTask', '1', 0, NULL, 6, '2020-11-15 08:29:00'),
('1327770790938140674', '1252884495040782337', 'testTask', '1', 0, NULL, 3, '2020-11-15 08:30:00'),
('1327771042646712321', '1252884495040782337', 'testTask', '1', 0, NULL, 16, '2020-11-15 08:31:00'),
('1327771294258814977', '1252884495040782337', 'testTask', '1', 0, NULL, 5, '2020-11-15 08:32:00'),
('1327771545921249281', '1252884495040782337', 'testTask', '1', 0, NULL, 5, '2020-11-15 08:33:00'),
('1327771797575294977', '1252884495040782337', 'testTask', '1', 0, NULL, 3, '2020-11-15 08:34:00'),
('1327772049254506498', '1252884495040782337', 'testTask', '1', 0, NULL, 4, '2020-11-15 08:35:00'),
('1327772300891774978', '1252884495040782337', 'testTask', '1', 0, NULL, 2, '2020-11-15 08:36:00'),
('1327772552558403586', '1252884495040782337', 'testTask', '1', 0, NULL, 4, '2020-11-15 08:37:00'),
('1327772804279558146', '1252884495040782337', 'testTask', '1', 0, NULL, 18, '2020-11-15 08:38:00'),
('1327773056097181697', '1252884495040782337', 'testTask', '1', 0, NULL, 53, '2020-11-15 08:39:00'),
('1327773307541512193', '1252884495040782337', 'testTask', '1', 0, NULL, 5, '2020-11-15 08:40:00'),
('1327773559233306626', '1252884495040782337', 'testTask', '1', 0, NULL, 14, '2020-11-15 08:41:00'),
('1327773559371595777', '1252884495040782337', 'testTask', '1', 0, NULL, 0, '2020-11-15 08:41:00'),
('1327773810845286402', '1252884495040782337', 'testTask', '1', 0, NULL, 4, '2020-11-15 08:42:00'),
('1327773810870575105', '1252884495040782337', 'testTask', '1', 0, NULL, 8, '2020-11-15 08:42:00'),
('1327774062516232194', '1252884495040782337', 'testTask', '1', 0, NULL, 5, '2020-11-15 08:43:00'),
('1327774062537080833', '1252884495040782337', 'testTask', '1', 0, NULL, 1, '2020-11-15 08:43:00'),
('1327774314149183490', '1252884495040782337', 'testTask', '1', 0, NULL, 3, '2020-11-15 08:44:00'),
('1327774314149306369', '1252884495040782337', 'testTask', '1', 0, NULL, 5, '2020-11-15 08:44:00'),
('1327774565799034881', '1252884495040782337', 'testTask', '1', 0, NULL, 2, '2020-11-15 08:45:00'),
('1327774565841100801', '1252884495040782337', 'testTask', '1', 0, NULL, 5, '2020-11-15 08:45:00'),
('1327774817482440705', '1252884495040782337', 'testTask', '1', 0, NULL, 3, '2020-11-15 08:46:00'),
('1327774817490952194', '1252884495040782337', 'testTask', '1', 0, NULL, 7, '2020-11-15 08:46:00'),
('1327775069115514881', '1252884495040782337', 'testTask', '1', 0, NULL, 1, '2020-11-15 08:47:00'),
('1327775069136609282', '1252884495040782337', 'testTask', '1', 0, NULL, 5, '2020-11-15 08:47:00'),
('1327775320765489154', '1252884495040782337', 'testTask', '1', 0, NULL, 1, '2020-11-15 08:48:00'),
('1327775320819892226', '1252884495040782337', 'testTask', '1', 0, NULL, 1, '2020-11-15 08:48:00'),
('1327775572448772097', '1252884495040782337', 'testTask', '1', 0, NULL, 2, '2020-11-15 08:49:00'),
('1327775572457283585', '1252884495040782337', 'testTask', '1', 0, NULL, 5, '2020-11-15 08:49:00'),
('1327775824086040577', '1252884495040782337', 'testTask', '1', 0, NULL, 9, '2020-11-15 08:50:00'),
('1327775824140689409', '1252884495040782337', 'testTask', '1', 0, NULL, 14, '2020-11-15 08:50:00'),
('1327776075765252098', '1252884495040782337', 'testTask', '1', 0, NULL, 2, '2020-11-15 08:51:00'),
('1327776075790540801', '1252884495040782337', 'testTask', '1', 0, NULL, 5, '2020-11-15 08:51:00'),
('1327776327402643458', '1252884495040782337', 'testTask', '1', 0, NULL, 6, '2020-11-15 08:52:00'),
('1327776327561904130', '1252884495040782337', 'testTask', '1', 0, NULL, 33, '2020-11-15 08:52:00'),
('1327776579060883458', '1252884495040782337', 'testTask', '1', 0, NULL, 12, '2020-11-15 08:53:00'),
('1327776579207561217', '1252884495040782337', 'testTask', '1', 0, NULL, 10, '2020-11-15 08:53:00'),
('1327776830735777793', '1252884495040782337', 'testTask', '1', 0, NULL, 3, '2020-11-15 08:54:00'),
('1327776830748483585', '1252884495040782337', 'testTask', '1', 0, NULL, 5, '2020-11-15 08:54:00'),
('1327777082368974850', '1252884495040782337', 'testTask', '1', 0, NULL, 2, '2020-11-15 08:55:00'),
('1327777082435960833', '1252884495040782337', 'testTask', '1', 0, NULL, 4, '2020-11-15 08:55:00'),
('1327777334048186369', '1252884495040782337', 'testTask', '1', 0, NULL, 2, '2020-11-15 08:56:00'),
('1327777334073229314', '1252884495040782337', 'testTask', '1', 0, NULL, 10, '2020-11-15 08:56:00'),
('1327777585710497793', '1252884495040782337', 'testTask', '1', 0, NULL, 3, '2020-11-15 08:57:00'),
('1327777585748369409', '1252884495040782337', 'testTask', '1', 0, NULL, 7, '2020-11-15 08:57:00'),
('1327777837347766274', '1252884495040782337', 'testTask', '1', 0, NULL, 0, '2020-11-15 08:58:00'),
('1327777837377249282', '1252884495040782337', 'testTask', '1', 0, NULL, 2, '2020-11-15 08:58:00'),
('1327778089207455745', '1252884495040782337', 'testTask', '1', 0, NULL, 7, '2020-11-15 08:59:00'),
('1327778089287024642', '1252884495040782337', 'testTask', '1', 0, NULL, 6, '2020-11-15 08:59:00'),
('1327778340685217793', '1252884495040782337', 'testTask', '1', 0, NULL, 1, '2020-11-15 09:00:00'),
('1327778340693729281', '1252884495040782337', 'testTask', '1', 0, NULL, 2, '2020-11-15 09:00:00'),
('1327778592347652098', '1252884495040782337', 'testTask', '1', 0, NULL, 1, '2020-11-15 09:01:00'),
('1327778592364552193', '1252884495040782337', 'testTask', '1', 0, NULL, 6, '2020-11-15 09:01:00'),
('1327778843980726273', '1252884495040782337', 'testTask', '1', 0, NULL, 1, '2020-11-15 09:02:00'),
('1327778844022792193', '1252884495040782337', 'testTask', '1', 0, NULL, 7, '2020-11-15 09:02:00'),
('1327779095697809410', '1252884495040782337', 'testTask', '1', 0, NULL, 14, '2020-11-15 09:03:00'),
('1327779347410575362', '1252884495040782337', 'testTask', '1', 0, NULL, 26, '2020-11-15 09:04:00'),
('1327779599345639425', '1252884495040782337', 'testTask', '1', 0, NULL, 20, '2020-11-15 09:05:00'),
('1327779850659946497', '1252884495040782337', 'testTask', '1', 0, NULL, 9, '2020-11-15 09:06:00'),
('1327779850987028481', '1252884495040782337', 'testTask', '1', 0, NULL, 5, '2020-11-15 09:06:00'),
('1327780104985763841', '1252884495040782337', 'testTask', '1', 0, NULL, 458, '2020-11-15 09:07:00'),
('1327780354009980929', '1252884495040782337', 'testTask', '1', 0, NULL, 17, '2020-11-15 09:08:00'),
('1327780605609500673', '1252884495040782337', 'testTask', '1', 0, NULL, 3, '2020-11-15 09:09:00'),
('1327780857288712193', '1252884495040782337', 'testTask', '1', 0, NULL, 7, '2020-11-15 09:10:00'),
('1327781108976312322', '1252884495040782337', 'testTask', '1', 0, NULL, 15, '2020-11-15 09:11:00'),
('1327781360655523842', '1252884495040782337', 'testTask', '1', 0, NULL, 18, '2020-11-15 09:12:00'),
('1327781612246654978', '1252884495040782337', 'testTask', '1', 0, NULL, 6, '2020-11-15 09:13:00'),
('1327781863909089282', '1252884495040782337', 'testTask', '1', 0, NULL, 6, '2020-11-15 09:14:00'),
('1327781863997116418', '1252884495040782337', 'testTask', '1', 0, NULL, 1, '2020-11-15 09:14:00'),
('1327782115571523585', '1252884495040782337', 'testTask', '1', 0, NULL, 9, '2020-11-15 09:15:00'),
('1327782115575664641', '1252884495040782337', 'testTask', '1', 0, NULL, 14, '2020-11-15 09:15:00'),
('1327782372799799297', '1252884495040782337', 'testTask', '1', 0, NULL, 780, '2020-11-15 09:16:01'),
('1327782618875420674', '1252884495040782337', 'testTask', '1', 0, NULL, 4, '2020-11-15 09:17:00'),
('1327782870533660674', '1252884495040782337', 'testTask', '1', 0, NULL, 8, '2020-11-15 09:18:00'),
('1327783122204483586', '1252884495040782337', 'testTask', '1', 0, NULL, 4, '2020-11-15 09:19:00'),
('1327783122388930562', '1252884495040782337', 'testTask', '1', 0, NULL, 1, '2020-11-15 09:19:00'),
('1327783373854232578', '1252884495040782337', 'testTask', '1', 0, NULL, 3, '2020-11-15 09:20:00'),
('1327783373887889410', '1252884495040782337', 'testTask', '1', 0, NULL, 3, '2020-11-15 09:20:00'),
('1327783625512472578', '1252884495040782337', 'testTask', '1', 0, NULL, 4, '2020-11-15 09:21:00'),
('1327783625558712321', '1252884495040782337', 'testTask', '1', 0, NULL, 14, '2020-11-15 09:21:00'),
('1327783877158129666', '1252884495040782337', 'testTask', '1', 0, NULL, 2, '2020-11-15 09:22:00'),
('1327783877175009282', '1252884495040782337', 'testTask', '1', 0, NULL, 3, '2020-11-15 09:22:00'),
('1327784128933810178', '1252884495040782337', 'testTask', '1', 0, NULL, 11, '2020-11-15 09:23:00'),
('1327784128933912578', '1252884495040782337', 'testTask', '1', 0, NULL, 7, '2020-11-15 09:23:00'),
('1327784380466221058', '1252884495040782337', 'testTask', '1', 0, NULL, 1, '2020-11-15 09:24:00'),
('1327784380512460802', '1252884495040782337', 'testTask', '1', 0, NULL, 9, '2020-11-15 09:24:00'),
('1327784632124461058', '1252884495040782337', 'testTask', '1', 0, NULL, 1, '2020-11-15 09:25:00'),
('1327784632191672321', '1252884495040782337', 'testTask', '1', 0, NULL, 5, '2020-11-15 09:25:00'),
('1327784883786895362', '1252884495040782337', 'testTask', '1', 0, NULL, 2, '2020-11-15 09:26:00'),
('1327784883803774977', '1252884495040782337', 'testTask', '1', 0, NULL, 2, '2020-11-15 09:26:00'),
('1327785135436746754', '1252884495040782337', 'testTask', '1', 0, NULL, 4, '2020-11-15 09:27:00'),
('1327785135453626370', '1252884495040782337', 'testTask', '1', 0, NULL, 2, '2020-11-15 09:27:00'),
('1327785387124449282', '1252884495040782337', 'testTask', '1', 0, NULL, 4, '2020-11-15 09:28:00'),
('1327785638778494978', '1252884495040782337', 'testTask', '1', 0, NULL, 3, '2020-11-15 09:29:00'),
('1327785890445123586', '1252884495040782337', 'testTask', '1', 0, NULL, 7, '2020-11-15 09:30:00'),
('1327785890554052610', '1252884495040782337', 'testTask', '1', 0, NULL, 1, '2020-11-15 09:30:00'),
('1327786142094974977', '1252884495040782337', 'testTask', '1', 0, NULL, 6, '2020-11-15 09:31:00'),
('1327786142199709698', '1252884495040782337', 'testTask', '1', 0, NULL, 29, '2020-11-15 09:31:00'),
('1327786395854561281', '1252884495040782337', 'testTask', '1', 0, NULL, 146, '2020-11-15 09:32:00'),
('1327786646879461377', '1252884495040782337', 'testTask', '1', 0, NULL, 235, '2020-11-15 09:33:00'),
('1327786897082277890', '1252884495040782337', 'testTask', '1', 0, NULL, 2, '2020-11-15 09:34:00'),
('1327787148719546370', '1252884495040782337', 'testTask', '1', 0, NULL, 3, '2020-11-15 09:35:00'),
('1327787149038219265', '1252884495040782337', 'testTask', '1', 0, NULL, 4, '2020-11-15 09:35:00'),
('1327787400478355457', '1252884495040782337', 'testTask', '1', 0, NULL, 8, '2020-11-15 09:36:00'),
('1327787400503615490', '1252884495040782337', 'testTask', '1', 0, NULL, 18, '2020-11-15 09:36:00'),
('1327787652023349249', '1252884495040782337', 'testTask', '1', 0, NULL, 3, '2020-11-15 09:37:00'),
('1327787652166049794', '1252884495040782337', 'testTask', '1', 0, NULL, 11, '2020-11-15 09:37:00'),
('1327787903685877762', '1252884495040782337', 'testTask', '1', 0, NULL, 17, '2020-11-15 09:38:00'),
('1327788155381866498', '1252884495040782337', 'testTask', '1', 0, NULL, 5, '2020-11-15 09:39:00'),
('1327788407203684353', '1252884495040782337', 'testTask', '1', 0, NULL, 15, '2020-11-15 09:40:00'),
('1327788660103438338', '1252884495040782337', 'testTask', '1', 0, NULL, 258, '2020-11-15 09:41:00'),
('1327788910352392193', '1252884495040782337', 'testTask', '1', 0, NULL, 12, '2020-11-15 09:42:00'),
('1327789162442645505', '1252884495040782337', 'testTask', '1', 0, NULL, 19, '2020-11-15 09:43:00'),
('1327789413677260802', '1252884495040782337', 'testTask', '1', 0, NULL, 2, '2020-11-15 09:44:00'),
('1327789413786316801', '1252884495040782337', 'testTask', '1', 0, NULL, 2, '2020-11-15 09:44:00'),
('1327789665285173250', '1252884495040782337', 'testTask', '1', 0, NULL, 6, '2020-11-15 09:45:00'),
('1327789665318723585', '1252884495040782337', 'testTask', '1', 0, NULL, 10, '2020-11-15 09:45:00'),
('1327789916972773377', '1252884495040782337', 'testTask', '1', 0, NULL, 5, '2020-11-15 09:46:00'),
('1327789917044072449', '1252884495040782337', 'testTask', '1', 0, NULL, 14, '2020-11-15 09:46:00'),
('1327790168622624770', '1252884495040782337', 'testTask', '1', 0, NULL, 2, '2020-11-15 09:47:00'),
('1327790168643592194', '1252884495040782337', 'testTask', '1', 0, NULL, 5, '2020-11-15 09:47:00'),
('1327790420280864770', '1252884495040782337', 'testTask', '1', 0, NULL, 2, '2020-11-15 09:48:00'),
('1327790420318609409', '1252884495040782337', 'testTask', '1', 0, NULL, 4, '2020-11-15 09:48:00'),
('1327790671934910466', '1252884495040782337', 'testTask', '1', 0, NULL, 2, '2020-11-15 09:49:00'),
('1327790671939100673', '1252884495040782337', 'testTask', '1', 0, NULL, 4, '2020-11-15 09:49:00'),
('1327790923597344770', '1252884495040782337', 'testTask', '1', 0, NULL, 3, '2020-11-15 09:50:00'),
('1327790923626700802', '1252884495040782337', 'testTask', '1', 0, NULL, 14, '2020-11-15 09:50:00'),
('1327791175276552193', '1252884495040782337', 'testTask', '1', 0, NULL, 6, '2020-11-15 09:51:00'),
('1327791175360442369', '1252884495040782337', 'testTask', '1', 0, NULL, 6, '2020-11-15 09:51:00'),
('1327791426888654850', '1252884495040782337', 'testTask', '1', 0, NULL, 2, '2020-11-15 09:52:00'),
('1327791426888658946', '1252884495040782337', 'testTask', '1', 0, NULL, 1, '2020-11-15 09:52:00'),
('1327791678588841985', '1252884495040782337', 'testTask', '1', 0, NULL, 7, '2020-11-15 09:53:00'),
('1327791678618198017', '1252884495040782337', 'testTask', '1', 0, NULL, 9, '2020-11-15 09:53:00'),
('1327791930217717762', '1252884495040782337', 'testTask', '1', 0, NULL, 5, '2020-11-15 09:54:00'),
('1327791930221916162', '1252884495040782337', 'testTask', '1', 0, NULL, 2, '2020-11-15 09:54:00'),
('1327792181892734978', '1252884495040782337', 'testTask', '1', 0, NULL, 5, '2020-11-15 09:55:00'),
('1327792181905321985', '1252884495040782337', 'testTask', '1', 0, NULL, 8, '2020-11-15 09:55:00'),
('1327792433622278146', '1252884495040782337', 'testTask', '1', 0, NULL, 24, '2020-11-15 09:56:00'),
('1327792685309878274', '1252884495040782337', 'testTask', '1', 0, NULL, 30, '2020-11-15 09:57:00'),
('1327792936921980930', '1252884495040782337', 'testTask', '1', 0, NULL, 13, '2020-11-15 09:58:00'),
('1327793188563443713', '1252884495040782337', 'testTask', '1', 0, NULL, 12, '2020-11-15 09:59:00'),
('1327793188894785537', '1252884495040782337', 'testTask', '1', 0, NULL, 24, '2020-11-15 09:59:00'),
('1327793440175538178', '1252884495040782337', 'testTask', '1', 0, NULL, 3, '2020-11-15 10:00:00'),
('1327793440175546369', '1252884495040782337', 'testTask', '1', 0, NULL, 7, '2020-11-15 10:00:00'),
('1327793691850555393', '1252884495040782337', 'testTask', '1', 0, NULL, 1, '2020-11-15 10:01:00'),
('1327793691858952193', '1252884495040782337', 'testTask', '1', 0, NULL, 6, '2020-11-15 10:01:00'),
('1327793943492018178', '1252884495040782337', 'testTask', '1', 0, NULL, 0, '2020-11-15 10:02:00'),
('1327793943492026370', '1252884495040782337', 'testTask', '1', 0, NULL, 5, '2020-11-15 10:02:00'),
('1327794195150258177', '1252884495040782337', 'testTask', '1', 0, NULL, 3, '2020-11-15 10:03:00'),
('1327794195150266370', '1252884495040782337', 'testTask', '1', 0, NULL, 16, '2020-11-15 10:03:00'),
('1327794446804303874', '1252884495040782337', 'testTask', '1', 0, NULL, 5, '2020-11-15 10:04:00'),
('1327794446863032322', '1252884495040782337', 'testTask', '1', 0, NULL, 12, '2020-11-15 10:04:00'),
('1327794698483515393', '1252884495040782337', 'testTask', '1', 0, NULL, 7, '2020-11-15 10:05:00'),
('1327794698512883713', '1252884495040782337', 'testTask', '1', 0, NULL, 7, '2020-11-15 10:05:00'),
('1327794950255001601', '1252884495040782337', 'testTask', '1', 0, NULL, 21, '2020-11-15 10:06:00'),
('1327794950498279425', '1252884495040782337', 'testTask', '1', 0, NULL, 40, '2020-11-15 10:06:00'),
('1327795201779032065', '1252884495040782337', 'testTask', '1', 0, NULL, 4, '2020-11-15 10:07:00'),
('1327795201825161217', '1252884495040782337', 'testTask', '1', 0, NULL, 12, '2020-11-15 10:07:00'),
('1327795453575684097', '1252884495040782337', 'testTask', '1', 0, NULL, 10, '2020-11-15 10:08:00'),
('1327795705103900673', '1252884495040782337', 'testTask', '1', 0, NULL, 2, '2020-11-15 10:09:00'),
('1327795956774723585', '1252884495040782337', 'testTask', '1', 0, NULL, 2, '2020-11-15 10:10:00'),
('1327796208432963585', '1252884495040782337', 'testTask', '1', 0, NULL, 7, '2020-11-15 10:11:00'),
('1327796208701317122', '1252884495040782337', 'testTask', '1', 0, NULL, 9, '2020-11-15 10:11:00'),
('1327796460208562177', '1252884495040782337', 'testTask', '1', 0, NULL, 10, '2020-11-15 10:12:00'),
('1327796460208644097', '1252884495040782337', 'testTask', '1', 0, NULL, 5, '2020-11-15 10:12:00'),
('1327796711879467009', '1252884495040782337', 'testTask', '1', 0, NULL, 30, '2020-11-15 10:13:00'),
('1327796963378323457', '1252884495040782337', 'testTask', '1', 0, NULL, 4, '2020-11-15 10:14:00'),
('1327797215074312193', '1252884495040782337', 'testTask', '1', 0, NULL, 13, '2020-11-15 10:15:00'),
('1327797466795466754', '1252884495040782337', 'testTask', '1', 0, NULL, 6, '2020-11-15 10:16:00'),
('1327797718503972866', '1252884495040782337', 'testTask', '1', 0, NULL, 2, '2020-11-15 10:17:00'),
('1327797718646644738', '1252884495040782337', 'testTask', '1', 0, NULL, 47, '2020-11-15 10:17:00'),
('1327797970837561345', '1252884495040782337', 'testTask', '1', 0, NULL, 90, '2020-11-15 10:18:00'),
('1327798221665329153', '1252884495040782337', 'testTask', '1', 0, NULL, 4, '2020-11-15 10:19:00'),
('1327798473336152066', '1252884495040782337', 'testTask', '1', 0, NULL, 3, '2020-11-15 10:20:00'),
('1327798725082472449', '1252884495040782337', 'testTask', '1', 0, NULL, 21, '2020-11-15 10:21:00'),
('1327798725237538817', '1252884495040782337', 'testTask', '1', 0, NULL, 3, '2020-11-15 10:21:00'),
('1327798976665092097', '1252884495040782337', 'testTask', '1', 0, NULL, 2, '2020-11-15 10:22:00'),
('1327798976665214977', '1252884495040782337', 'testTask', '1', 0, NULL, 18, '2020-11-15 10:22:00'),
('1327799228357009409', '1252884495040782337', 'testTask', '1', 0, NULL, 13, '2020-11-15 10:23:00'),
('1327799228390440962', '1252884495040782337', 'testTask', '1', 0, NULL, 3, '2020-11-15 10:23:00'),
('1327799480988205057', '1252884495040782337', 'testTask', '1', 0, NULL, 9, '2020-11-15 10:24:00'),
('1327799481005105153', '1252884495040782337', 'testTask', '1', 0, NULL, 12, '2020-11-15 10:24:00'),
('1327799731723821057', '1252884495040782337', 'testTask', '1', 0, NULL, 21, '2020-11-15 10:25:00'),
('1327799983566610433', '1252884495040782337', 'testTask', '1', 0, NULL, 54, '2020-11-15 10:26:00'),
('1327800234968997890', '1252884495040782337', 'testTask', '1', 0, NULL, 5, '2020-11-15 10:27:00'),
('1327800486593683457', '1252884495040782337', 'testTask', '1', 0, NULL, 2, '2020-11-15 10:28:00'),
('1327800738256117762', '1252884495040782337', 'testTask', '1', 0, NULL, 3, '2020-11-15 10:29:00'),
('1327800989977272321', '1252884495040782337', 'testTask', '1', 0, NULL, 15, '2020-11-15 10:30:00'),
('1327801241585180673', '1252884495040782337', 'testTask', '1', 0, NULL, 4, '2020-11-15 10:31:00'),
('1327801493247614977', '1252884495040782337', 'testTask', '1', 0, NULL, 2, '2020-11-15 10:32:00'),
('1327801744943603714', '1252884495040782337', 'testTask', '1', 0, NULL, 15, '2020-11-15 10:33:00'),
('1327801996534734850', '1252884495040782337', 'testTask', '1', 0, NULL, 2, '2020-11-15 10:34:00'),
('1327802248461410305', '1252884495040782337', 'testTask', '1', 0, NULL, 44, '2020-11-15 10:35:00'),
('1327802499926712322', '1252884495040782337', 'testTask', '1', 0, NULL, 14, '2020-11-15 10:36:00'),
('1327802751534620674', '1252884495040782337', 'testTask', '1', 0, NULL, 3, '2020-11-15 10:37:00'),
('1327803003197054978', '1252884495040782337', 'testTask', '1', 0, NULL, 2, '2020-11-15 10:38:00'),
('1327803254842712065', '1252884495040782337', 'testTask', '1', 0, NULL, 3, '2020-11-15 10:39:00'),
('1327803507042017281', '1252884495040782337', 'testTask', '1', 0, NULL, 118, '2020-11-15 10:40:00'),
('1327803758163386370', '1252884495040782337', 'testTask', '1', 0, NULL, 2, '2020-11-15 10:41:00'),
('1327804009846792194', '1252884495040782337', 'testTask', '1', 0, NULL, 8, '2020-11-15 10:42:00'),
('1327804261588918273', '1252884495040782337', 'testTask', '1', 0, NULL, 23, '2020-11-15 10:43:00'),
('1327804261710467074', '1252884495040782337', 'testTask', '1', 0, NULL, 12, '2020-11-15 10:43:00'),
('1327804513146408961', '1252884495040782337', 'testTask', '1', 0, NULL, 2, '2020-11-15 10:44:00'),
('1327804513154883586', '1252884495040782337', 'testTask', '1', 0, NULL, 4, '2020-11-15 10:44:00'),
('1327804764775288834', '1252884495040782337', 'testTask', '1', 0, NULL, 2, '2020-11-15 10:45:00'),
('1327804764775374850', '1252884495040782337', 'testTask', '1', 0, NULL, 2, '2020-11-15 10:45:00'),
('1327805016454586370', '1252884495040782337', 'testTask', '1', 0, NULL, 2, '2020-11-15 10:46:00'),
('1327805016479666178', '1252884495040782337', 'testTask', '1', 0, NULL, 6, '2020-11-15 10:46:00'),
('1327805268112740354', '1252884495040782337', 'testTask', '1', 0, NULL, 1, '2020-11-15 10:47:00'),
('1327805268133797889', '1252884495040782337', 'testTask', '1', 0, NULL, 3, '2020-11-15 10:47:00'),
('1327805519800340482', '1252884495040782337', 'testTask', '1', 0, NULL, 2, '2020-11-15 10:48:00'),
('1327805519817203713', '1252884495040782337', 'testTask', '1', 0, NULL, 13, '2020-11-15 10:48:00'),
('1327805771429220353', '1252884495040782337', 'testTask', '1', 0, NULL, 10, '2020-11-15 10:49:00'),
('1327805771429306370', '1252884495040782337', 'testTask', '1', 0, NULL, 3, '2020-11-15 10:49:00'),
('1327806023074877442', '1252884495040782337', 'testTask', '1', 0, NULL, 2, '2020-11-15 10:50:00'),
('1327806023074963457', '1252884495040782337', 'testTask', '1', 0, NULL, 2, '2020-11-15 10:50:00'),
('1327806274728923138', '1252884495040782337', 'testTask', '1', 0, NULL, 1, '2020-11-15 10:51:00'),
('1327806274754174977', '1252884495040782337', 'testTask', '1', 0, NULL, 2, '2020-11-15 10:51:00'),
('1327806526391443457', '1252884495040782337', 'testTask', '1', 0, NULL, 2, '2020-11-15 10:52:00'),
('1327806526433300482', '1252884495040782337', 'testTask', '1', 0, NULL, 7, '2020-11-15 10:52:00'),
('1327806778066374657', '1252884495040782337', 'testTask', '1', 0, NULL, 3, '2020-11-15 10:53:00'),
('1327806778095820801', '1252884495040782337', 'testTask', '1', 0, NULL, 5, '2020-11-15 10:53:00'),
('1327807029724614657', '1252884495040782337', 'testTask', '1', 0, NULL, 5, '2020-11-15 10:54:00'),
('1327807029766643714', '1252884495040782337', 'testTask', '1', 0, NULL, 7, '2020-11-15 10:54:00'),
('1327807281399717890', '1252884495040782337', 'testTask', '1', 0, NULL, 7, '2020-11-15 10:55:00'),
('1327807281424797697', '1252884495040782337', 'testTask', '1', 0, NULL, 13, '2020-11-15 10:55:00'),
('1327807533024317441', '1252884495040782337', 'testTask', '1', 0, NULL, 1, '2020-11-15 10:56:00'),
('1327807533041180673', '1252884495040782337', 'testTask', '1', 0, NULL, 2, '2020-11-15 10:56:00'),
('1327807784678363138', '1252884495040782337', 'testTask', '1', 0, NULL, 7, '2020-11-15 10:57:00'),
('1327807784737169410', '1252884495040782337', 'testTask', '1', 0, NULL, 4, '2020-11-15 10:57:00'),
('1327808036361768962', '1252884495040782337', 'testTask', '1', 0, NULL, 2, '2020-11-15 10:58:00'),
('1327808036361854978', '1252884495040782337', 'testTask', '1', 0, NULL, 6, '2020-11-15 10:58:00'),
('1327808288028397569', '1252884495040782337', 'testTask', '1', 0, NULL, 1, '2020-11-15 10:59:00'),
('1327808288028483586', '1252884495040782337', 'testTask', '1', 0, NULL, 9, '2020-11-15 10:59:00'),
('1327808539665666050', '1252884495040782337', 'testTask', '1', 0, NULL, 2, '2020-11-15 11:00:00'),
('1327808539665752066', '1252884495040782337', 'testTask', '1', 0, NULL, 2, '2020-11-15 11:00:00'),
('1327808791319711746', '1252884495040782337', 'testTask', '1', 0, NULL, 6, '2020-11-15 11:01:00'),
('1327808791357546497', '1252884495040782337', 'testTask', '1', 0, NULL, 7, '2020-11-15 11:01:00'),
('1327809042986340353', '1252884495040782337', 'testTask', '1', 0, NULL, 1, '2020-11-15 11:02:00'),
('1327809043011592193', '1252884495040782337', 'testTask', '1', 0, NULL, 7, '2020-11-15 11:02:00'),
('1327809294678220802', '1252884495040782337', 'testTask', '1', 0, NULL, 13, '2020-11-15 11:03:00'),
('1327809294707494913', '1252884495040782337', 'testTask', '1', 0, NULL, 7, '2020-11-15 11:03:00'),
('1327809546307014657', '1252884495040782337', 'testTask', '1', 0, NULL, 5, '2020-11-15 11:04:00'),
('1327809546361626626', '1252884495040782337', 'testTask', '1', 0, NULL, 16, '2020-11-15 11:04:00'),
('1327809797965254657', '1252884495040782337', 'testTask', '1', 0, NULL, 2, '2020-11-15 11:05:00'),
('1327809797965340674', '1252884495040782337', 'testTask', '1', 0, NULL, 2, '2020-11-15 11:05:00'),
('1327810049619300353', '1252884495040782337', 'testTask', '1', 0, NULL, 2, '2020-11-15 11:06:00'),
('1327810049644552193', '1252884495040782337', 'testTask', '1', 0, NULL, 8, '2020-11-15 11:06:00'),
('1327810301277540354', '1252884495040782337', 'testTask', '1', 0, NULL, 1, '2020-11-15 11:07:00'),
('1327810301290209281', '1252884495040782337', 'testTask', '1', 0, NULL, 3, '2020-11-15 11:07:00'),
('1327810552939974658', '1252884495040782337', 'testTask', '1', 0, NULL, 20, '2020-11-15 11:08:00'),
('1327810552956837890', '1252884495040782337', 'testTask', '1', 0, NULL, 4, '2020-11-15 11:08:00'),
('1327810804581437441', '1252884495040782337', 'testTask', '1', 0, NULL, 1, '2020-11-15 11:09:00'),
('1327810804648632321', '1252884495040782337', 'testTask', '1', 0, NULL, 16, '2020-11-15 11:09:00'),
('1327811056243871746', '1252884495040782337', 'testTask', '1', 0, NULL, 2, '2020-11-15 11:10:00'),
('1327811056285900802', '1252884495040782337', 'testTask', '1', 0, NULL, 8, '2020-11-15 11:10:00'),
('1327811307902111745', '1252884495040782337', 'testTask', '1', 0, NULL, 3, '2020-11-15 11:11:00'),
('1327811307923169282', '1252884495040782337', 'testTask', '1', 0, NULL, 5, '2020-11-15 11:11:00'),
('1327811559551963138', '1252884495040782337', 'testTask', '1', 0, NULL, 4, '2020-11-15 11:12:00'),
('1327811559652712449', '1252884495040782337', 'testTask', '1', 0, NULL, 10, '2020-11-15 11:12:00'),
('1327811811239563265', '1252884495040782337', 'testTask', '1', 0, NULL, 3, '2020-11-15 11:13:00'),
('1327811811243843585', '1252884495040782337', 'testTask', '1', 0, NULL, 2, '2020-11-15 11:13:00'),
('1327812062906191873', '1252884495040782337', 'testTask', '1', 0, NULL, 11, '2020-11-15 11:14:00'),
('1327812062906277890', '1252884495040782337', 'testTask', '1', 0, NULL, 13, '2020-11-15 11:14:00'),
('1327812314543460353', '1252884495040782337', 'testTask', '1', 0, NULL, 3, '2020-11-15 11:15:00'),
('1327812314564517890', '1252884495040782337', 'testTask', '1', 0, NULL, 5, '2020-11-15 11:15:00'),
('1327812566243643394', '1252884495040782337', 'testTask', '1', 0, NULL, 4, '2020-11-15 11:16:00'),
('1327812566252118017', '1252884495040782337', 'testTask', '1', 0, NULL, 5, '2020-11-15 11:16:00'),
('1327812817876717570', '1252884495040782337', 'testTask', '1', 0, NULL, 8, '2020-11-15 11:17:00'),
('1327812817931329537', '1252884495040782337', 'testTask', '1', 0, NULL, 13, '2020-11-15 11:17:00'),
('1327890329302466562', '1252884495040782337', 'testTask', '1', 0, NULL, 21, '2020-11-15 16:25:00'),
('1327890580256063490', '1252884495040782337', 'testTask', '1', 0, NULL, 4, '2020-11-15 16:26:00'),
('1327890833252286466', '1252884495040782337', 'testTask', '1', 0, NULL, 117, '2020-11-15 16:27:00'),
('1327891083576737794', '1252884495040782337', 'testTask', '1', 0, NULL, 1, '2020-11-15 16:28:00'),
('1327891335234977794', '1252884495040782337', 'testTask', '1', 0, NULL, 2, '2020-11-15 16:29:00'),
('1327891586893217794', '1252884495040782337', 'testTask', '1', 0, NULL, 3, '2020-11-15 16:30:00'),
('1327891838538874881', '1252884495040782337', 'testTask', '1', 0, NULL, 2, '2020-11-15 16:31:00'),
('1327892090213892098', '1252884495040782337', 'testTask', '1', 0, NULL, 2, '2020-11-15 16:32:00'),
('1327892341872132097', '1252884495040782337', 'testTask', '1', 0, NULL, 5, '2020-11-15 16:33:00'),
('1327894355222048769', '1252884495040782337', 'testTask', '1', 0, NULL, 1, '2020-11-15 16:41:00'),
('1327894606804791298', '1252884495040782337', 'testTask', '1', 0, NULL, 4, '2020-11-15 16:42:00'),
('1327894858442059778', '1252884495040782337', 'testTask', '1', 0, NULL, 2, '2020-11-15 16:43:00'),
('1327895110121271298', '1252884495040782337', 'testTask', '1', 0, NULL, 7, '2020-11-15 16:44:00'),
('1327895361771122689', '1252884495040782337', 'testTask', '1', 0, NULL, 2, '2020-11-15 16:45:00'),
('1327895613425168386', '1252884495040782337', 'testTask', '1', 0, NULL, 3, '2020-11-15 16:46:00'),
('1327895865087602690', '1252884495040782337', 'testTask', '1', 0, NULL, 4, '2020-11-15 16:47:00'),
('1327896116745842689', '1252884495040782337', 'testTask', '1', 0, NULL, 2, '2020-11-15 16:48:00'),
('1327896368399888385', '1252884495040782337', 'testTask', '1', 0, NULL, 3, '2020-11-15 16:49:00'),
('1327896620058128386', '1252884495040782337', 'testTask', '1', 0, NULL, 4, '2020-11-15 16:50:00'),
('1327896620238458882', '1252884495040782337', 'testTask', '1', 0, NULL, 4, '2020-11-15 16:50:00'),
('1327896871716343809', '1252884495040782337', 'testTask', '1', 0, NULL, 3, '2020-11-15 16:51:00'),
('1327896871716368385', '1252884495040782337', 'testTask', '1', 0, NULL, 2, '2020-11-15 16:51:00'),
('1327897123374583809', '1252884495040782337', 'testTask', '1', 0, NULL, 3, '2020-11-15 16:52:00'),
('1327897123374608386', '1252884495040782337', 'testTask', '1', 0, NULL, 5, '2020-11-15 16:52:00'),
('1327898381762174978', '1252884495040782337', 'testTask', '1', 0, NULL, 1, '2020-11-15 16:57:00'),
('1327898633319751681', '1252884495040782337', 'testTask', '1', 0, NULL, 3, '2020-11-15 16:58:00'),
('1327898884977991681', '1252884495040782337', 'testTask', '1', 0, NULL, 2, '2020-11-15 16:59:00'),
('1327899640061845506', '1252884495040782337', 'testTask', '1', 0, NULL, 3, '2020-11-15 17:02:00'),
('1327899891594256386', '1252884495040782337', 'testTask', '1', 0, NULL, 2, '2020-11-15 17:03:00'),
('1327900143281856513', '1252884495040782337', 'testTask', '1', 0, NULL, 7, '2020-11-15 17:04:00'),
('1327900394935902209', '1252884495040782337', 'testTask', '1', 0, NULL, 5, '2020-11-15 17:05:00'),
('1327900646598336514', '1252884495040782337', 'testTask', '1', 0, NULL, 5, '2020-11-15 17:06:00'),
('1327900898252382209', '1252884495040782337', 'testTask', '1', 0, NULL, 2, '2020-11-15 17:07:00'),
('1327901149919010818', '1252884495040782337', 'testTask', '1', 0, NULL, 5, '2020-11-15 17:08:00'),
('1327901401585639425', '1252884495040782337', 'testTask', '1', 0, NULL, 4, '2020-11-15 17:09:00'),
('1327901653235490818', '1252884495040782337', 'testTask', '1', 0, NULL, 5, '2020-11-15 17:10:00'),
('1327901904885342209', '1252884495040782337', 'testTask', '1', 0, NULL, 5, '2020-11-15 17:11:00'),
('1327902156539387906', '1252884495040782337', 'testTask', '1', 0, NULL, 2, '2020-11-15 17:12:00'),
('1327902408218599425', '1252884495040782337', 'testTask', '1', 0, NULL, 2, '2020-11-15 17:13:00'),
('1327902659927171073', '1252884495040782337', 'testTask', '1', 0, NULL, 25, '2020-11-15 17:14:00'),
('1327902660057133058', '1252884495040782337', 'testTask', '1', 0, NULL, 4, '2020-11-15 17:14:00'),
('1327902911509852161', '1252884495040782337', 'testTask', '1', 0, NULL, 3, '2020-11-15 17:15:00'),
('1327902911556050946', '1252884495040782337', 'testTask', '1', 0, NULL, 8, '2020-11-15 17:15:00'),
('1327903166674591745', '1252884495040782337', 'testTask', '1', 0, NULL, 378, '2020-11-15 17:16:00'),
('1327903414847365122', '1252884495040782337', 'testTask', '1', 0, NULL, 2, '2020-11-15 17:17:00'),
('1327903666690154497', '1252884495040782337', 'testTask', '1', 0, NULL, 34, '2020-11-15 17:18:00'),
('1327903918172233730', '1252884495040782337', 'testTask', '1', 0, NULL, 2, '2020-11-15 17:19:00'),
('1327903918281252866', '1252884495040782337', 'testTask', '1', 0, NULL, 0, '2020-11-15 17:19:00'),
('1327904169809469441', '1252884495040782337', 'testTask', '1', 0, NULL, 2, '2020-11-15 17:20:00'),
('1327904169838862338', '1252884495040782337', 'testTask', '1', 0, NULL, 12, '2020-11-15 17:20:00'),
('1327904421467709442', '1252884495040782337', 'testTask', '1', 0, NULL, 3, '2020-11-15 17:21:00'),
('1327904421476130817', '1252884495040782337', 'testTask', '1', 0, NULL, 3, '2020-11-15 17:21:00'),
('1327904673113366530', '1252884495040782337', 'testTask', '1', 0, NULL, 5, '2020-11-15 17:22:00'),
('1327904673159536641', '1252884495040782337', 'testTask', '1', 0, NULL, 10, '2020-11-15 17:22:00'),
('1327904926201896962', '1252884495040782337', 'testTask', '1', 0, NULL, 152, '2020-11-15 17:23:00'),
('1327905176652177409', '1252884495040782337', 'testTask', '1', 0, NULL, 47, '2020-11-15 17:24:00'),
('1327905428172005378', '1252884495040782337', 'testTask', '1', 0, NULL, 16, '2020-11-15 17:25:00'),
('1327905428255916033', '1252884495040782337', 'testTask', '1', 0, NULL, 1, '2020-11-15 17:25:00'),
('1327905679733800961', '1252884495040782337', 'testTask', '1', 0, NULL, 2, '2020-11-15 17:26:00'),
('1327905679784108034', '1252884495040782337', 'testTask', '1', 0, NULL, 10, '2020-11-15 17:26:00'),
('1327905931694006274', '1252884495040782337', 'testTask', '1', 0, NULL, 49, '2020-11-15 17:27:00'),
('1327906183142531073', '1252884495040782337', 'testTask', '1', 0, NULL, 12, '2020-11-15 17:28:00'),
('1327906435203424257', '1252884495040782337', 'testTask', '1', 0, NULL, 23, '2020-11-15 17:29:00'),
('1327906435597692929', '1252884495040782337', 'testTask', '1', 0, NULL, 29, '2020-11-15 17:29:00'),
('1327906686370930690', '1252884495040782337', 'testTask', '1', 0, NULL, 4, '2020-11-15 17:30:00'),
('1327906686370934785', '1252884495040782337', 'testTask', '1', 0, NULL, 1, '2020-11-15 17:30:00'),
('1327906939014832130', '1252884495040782337', 'testTask', '1', 0, NULL, 95, '2020-11-15 17:31:00'),
('1327907189704187906', '1252884495040782337', 'testTask', '1', 0, NULL, 1, '2020-11-15 17:32:00'),
('1327907441375010817', '1252884495040782337', 'testTask', '1', 0, NULL, 4, '2020-11-15 17:33:00'),
('1327907693029056514', '1252884495040782337', 'testTask', '1', 0, NULL, 3, '2020-11-15 17:34:00'),
('1327907944683102210', '1252884495040782337', 'testTask', '1', 0, NULL, 5, '2020-11-15 17:35:00'),
('1327908196345536514', '1252884495040782337', 'testTask', '1', 0, NULL, 3, '2020-11-15 17:36:00'),
('1327908448079273986', '1252884495040782337', 'testTask', '1', 0, NULL, 16, '2020-11-15 17:37:00'),
('1327908712987348994', '1252884495040782337', 'testTask', '1', 0, NULL, 14, '2020-11-15 17:38:03'),
('1327908951303507970', '1252884495040782337', 'testTask', '1', 0, NULL, 1, '2020-11-15 17:39:00'),
('1327909202949165057', '1252884495040782337', 'testTask', '1', 0, NULL, 2, '2020-11-15 17:40:00'),
('1327909454619987969', '1252884495040782337', 'testTask', '1', 0, NULL, 2, '2020-11-15 17:41:00'),
('1327910461437505538', '1252884495040782337', 'testTask', '1', 0, NULL, 18, '2020-11-15 17:45:00'),
('1327910712940556290', '1252884495040782337', 'testTask', '1', 0, NULL, 3, '2020-11-15 17:46:00'),
('1327910964573630465', '1252884495040782337', 'testTask', '1', 0, NULL, 1, '2020-11-15 17:47:00'),
('1327911216236064770', '1252884495040782337', 'testTask', '1', 0, NULL, 3, '2020-11-15 17:48:00'),
('1327911467902693378', '1252884495040782337', 'testTask', '1', 0, NULL, 3, '2020-11-15 17:49:00'),
('1327911719586099202', '1252884495040782337', 'testTask', '1', 0, NULL, 7, '2020-11-15 17:50:00'),
('1327911971458248705', '1252884495040782337', 'testTask', '1', 0, NULL, 41, '2020-11-15 17:51:00'),
('1327912222873219073', '1252884495040782337', 'testTask', '1', 0, NULL, 2, '2020-11-15 17:52:00'),
('1327913230483349505', '1252884495040782337', 'testTask', '1', 0, NULL, 141, '2020-11-15 17:56:00'),
('1327913481151733762', '1252884495040782337', 'testTask', '1', 0, NULL, 0, '2020-11-15 17:57:00'),
('1327913732835139586', '1252884495040782337', 'testTask', '1', 0, NULL, 5, '2020-11-15 17:58:00'),
('1327914742760669185', '1252884495040782337', 'testTask', '1', 0, NULL, 3, '2020-11-15 18:02:00'),
('1327914991126380545', '1252884495040782337', 'testTask', '1', 0, NULL, 2, '2020-11-15 18:03:00'),
('1327915242759454722', '1252884495040782337', 'testTask', '1', 0, NULL, 16, '2020-11-15 18:04:00'),
('1327915494426083330', '1252884495040782337', 'testTask', '1', 0, NULL, 3, '2020-11-15 18:05:00'),
('1327915746092711937', '1252884495040782337', 'testTask', '1', 0, NULL, 2, '2020-11-15 18:06:00'),
('1327915997759340546', '1252884495040782337', 'testTask', '1', 0, NULL, 18, '2020-11-15 18:07:00'),
('1327916249404997633', '1252884495040782337', 'testTask', '1', 0, NULL, 2, '2020-11-15 18:08:00'),
('1327916501092597761', '1252884495040782337', 'testTask', '1', 0, NULL, 5, '2020-11-15 18:09:00'),
('1327917507784228865', '1252884495040782337', 'testTask', '1', 0, NULL, 1, '2020-11-15 18:13:00'),
('1327917759358582785', '1252884495040782337', 'testTask', '1', 0, NULL, 2, '2020-11-15 18:14:00'),
('1327918011012628482', '1252884495040782337', 'testTask', '1', 0, NULL, 3, '2020-11-15 18:15:00'),
('1327918262658285570', '1252884495040782337', 'testTask', '1', 0, NULL, 2, '2020-11-15 18:16:00'),
('1327918514324914177', '1252884495040782337', 'testTask', '1', 0, NULL, 1, '2020-11-15 18:17:00'),
('1327918765987348482', '1252884495040782337', 'testTask', '1', 0, NULL, 4, '2020-11-15 18:18:00'),
('1327919017645588481', '1252884495040782337', 'testTask', '1', 0, NULL, 1, '2020-11-15 18:19:00'),
('1327919269312217090', '1252884495040782337', 'testTask', '1', 0, NULL, 7, '2020-11-15 18:20:00'),
('1327919520962068482', '1252884495040782337', 'testTask', '1', 0, NULL, 6, '2020-11-15 18:21:00'),
('1327919772616114178', '1252884495040782337', 'testTask', '1', 0, NULL, 3, '2020-11-15 18:22:00'),
('1327920024270159873', '1252884495040782337', 'testTask', '1', 0, NULL, 2, '2020-11-15 18:23:00'),
('1327920275970342914', '1252884495040782337', 'testTask', '1', 0, NULL, 14, '2020-11-15 18:24:00'),
('1327920527599222786', '1252884495040782337', 'testTask', '1', 0, NULL, 3, '2020-11-15 18:25:00'),
('1327920779236491266', '1252884495040782337', 'testTask', '1', 0, NULL, 2, '2020-11-15 18:26:00'),
('1327921030898925569', '1252884495040782337', 'testTask', '1', 0, NULL, 1, '2020-11-15 18:27:00'),
('1327921282578137090', '1252884495040782337', 'testTask', '1', 0, NULL, 3, '2020-11-15 18:28:00'),
('1327921534240571394', '1252884495040782337', 'testTask', '1', 0, NULL, 8, '2020-11-15 18:29:00'),
('1327922289345314817', '1252884495040782337', 'testTask', '1', 0, NULL, 4, '2020-11-15 18:32:00'),
('1327922540873531393', '1252884495040782337', 'testTask', '1', 0, NULL, 4, '2020-11-15 18:33:00'),
('1327922792523382786', '1252884495040782337', 'testTask', '1', 0, NULL, 5, '2020-11-15 18:34:00'),
('1327923547624001538', '1252884495040782337', 'testTask', '1', 0, NULL, 1, '2020-11-15 18:37:00'),
('1327923799156412418', '1252884495040782337', 'testTask', '1', 0, NULL, 5, '2020-11-15 18:38:00'),
('1327924302552535041', '1252884495040782337', 'testTask', '1', 0, NULL, 1, '2020-11-15 18:40:00'),
('1327924554101723138', '1252884495040782337', 'testTask', '1', 0, NULL, 2, '2020-11-15 18:41:00'),
('1327924805759963137', '1252884495040782337', 'testTask', '1', 0, NULL, 1, '2020-11-15 18:42:00'),
('1327925057434980353', '1252884495040782337', 'testTask', '1', 0, NULL, 1, '2020-11-15 18:43:00'),
('1327925309084831746', '1252884495040782337', 'testTask', '1', 0, NULL, 2, '2020-11-15 18:44:00'),
('1327925560751460354', '1252884495040782337', 'testTask', '1', 0, NULL, 1, '2020-11-15 18:45:00'),
('1327925812405506049', '1252884495040782337', 'testTask', '1', 0, NULL, 1, '2020-11-15 18:46:00'),
('1327926315885641730', '1252884495040782337', 'testTask', '1', 0, NULL, 2, '2020-11-15 18:48:00'),
('1327926567392886786', '1252884495040782337', 'testTask', '1', 0, NULL, 1, '2020-11-15 18:49:00'),
('1327926819046932482', '1252884495040782337', 'testTask', '1', 0, NULL, 3, '2020-11-15 18:50:00'),
('1327927070713561090', '1252884495040782337', 'testTask', '1', 0, NULL, 2, '2020-11-15 18:51:00'),
('1327927322359218178', '1252884495040782337', 'testTask', '1', 0, NULL, 3, '2020-11-15 18:52:00');

-- --------------------------------------------------------

--
-- 資料表結構 `sys_log`
--

DROP TABLE IF EXISTS `sys_log`;
CREATE TABLE `sys_log` (
  `id` varchar(64) NOT NULL,
  `user_id` varchar(64) DEFAULT NULL COMMENT '用户id',
  `username` varchar(50) DEFAULT NULL COMMENT '用户名',
  `operation` varchar(50) DEFAULT NULL COMMENT '用户操作',
  `time` int(11) DEFAULT NULL COMMENT '响应时间',
  `method` varchar(200) DEFAULT NULL COMMENT '请求方法',
  `params` varchar(5000) DEFAULT NULL COMMENT '请求参数',
  `ip` varchar(64) DEFAULT NULL COMMENT 'IP地址',
  `create_time` datetime DEFAULT NULL COMMENT '创建时间'
) ENGINE=InnoDB DEFAULT CHARSET=utf8 COMMENT='系统日志';

--
-- 傾印資料表的資料 `sys_log`
--

INSERT INTO `sys_log` (`id`, `user_id`, `username`, `operation`, `time`, `method`, `params`, `ip`, `create_time`) VALUES
('1325781425273733121', '1', 'admin', '菜单权限管理-获取所有菜单权限', 1085, 'com.company.project.controller.PermissionController.getAllMenusPermission()', NULL, '192.168.56.1', '2020-11-09 20:44:58'),
('1325781469393616898', '1', 'admin', '角色管理-分页获取角色信息', 73, 'com.company.project.controller.RoleController.pageInfo()', '[{}]', '192.168.56.1', '2020-11-09 20:45:08'),
('1325781479283785729', '1', 'admin', '角色管理-查询角色详情', 515, 'com.company.project.controller.RoleController.detailInfo()', '[\"1\"]', '192.168.56.1', '2020-11-09 20:45:11'),
('1325781495222140929', '1', 'admin', '角色管理-更新角色信息', 116, 'com.company.project.controller.RoleController.updateDept()', '[{\"description\":\"拥有所有权限-不能删除\",\"id\":\"1\",\"name\":\"超级管理员\",\"permissions\":[\"51\",\"11\",\"17\",\"26\",\"40\",\"43\",\"44\",\"53\",\"3\",\"19\",\"36\",\"1311115974068449281\",\"13\",\"39\",\"24\",\"10\",\"23\",\"25\",\"42\",\"52\",\"56\",\"57\",\"41\",\"5\",\"9\",\"12\",\"22\",\"38\",\"54\",\"15\",\"1\",\"4\",\"16\",\"20\",\"27\",\"28\",\"29\",\"30\",\"31\",\"32\",\"33\",\"34\",\"35\",\"45\",\"46\",\"47\",\"48\",\"49\",\"59\",\"60\",\"61\",\"62\",\"63\",\"55\",\"18\",\"14\",\"8\",\"7\",\"58\",\"21\",\"50\",\"775337836323799040\",\"775337836323799041\",\"775337836323799042\",\"775337836323799043\",\"775337836323799044\",\"2\",\"6\"],\"status\":1,\"updateTime\":1604925914842}]', '192.168.56.1', '2020-11-09 20:45:14'),
('1325781495779983361', '1', 'admin', '角色管理-分页获取角色信息', 14, 'com.company.project.controller.RoleController.pageInfo()', '[{\"name\":\"\"}]', '192.168.56.1', '2020-11-09 20:45:15'),
('1325785794731859970', '1', 'admin', '菜单权限管理-获取所有菜单权限', 576, 'com.company.project.controller.PermissionController.getAllMenusPermission()', NULL, '192.168.56.1', '2020-11-09 21:02:20'),
('1325785841817116673', '1', 'admin', '菜单权限管理-获取所有目录菜单树', 443, 'com.company.project.controller.PermissionController.getAllMenusPermissionTree()', '[\"775337836323799040\"]', '192.168.56.1', '2020-11-09 21:02:31'),
('1325785887077851137', '1', 'admin', '菜单权限管理-更新菜单权限', 45, 'com.company.project.controller.PermissionController.updatePermission()', '[{\"icon\":\"\",\"id\":\"775337836323799040\",\"name\":\"地點\",\"orderNum\":10,\"perms\":\"\",\"pid\":\"51\",\"pidName\":\"组织管理\",\"status\":1,\"target\":\"_self\",\"type\":2,\"updateTime\":1604926962026,\"url\":\"/index/location\"}]', '192.168.56.1', '2020-11-09 21:02:42'),
('1325785888835264514', '1', 'admin', '菜单权限管理-获取所有菜单权限', 392, 'com.company.project.controller.PermissionController.getAllMenusPermission()', NULL, '192.168.56.1', '2020-11-09 21:02:42'),
('1325785915003527170', '1', 'admin', '菜单权限管理-获取所有菜单权限', 293, 'com.company.project.controller.PermissionController.getAllMenusPermission()', NULL, '192.168.56.1', '2020-11-09 21:02:48'),
('1325785939095609345', '1', 'admin', '菜单权限管理-获取所有目录菜单树', 408, 'com.company.project.controller.PermissionController.getAllMenusPermissionTree()', '[\"775337836323799040\"]', '192.168.56.1', '2020-11-09 21:02:54'),
('1325785975426670594', '1', 'admin', '菜单权限管理-更新菜单权限', 11, 'com.company.project.controller.PermissionController.updatePermission()', '[{\"icon\":\"\",\"id\":\"775337836323799040\",\"name\":\"地點管理\",\"orderNum\":10,\"perms\":\"\",\"pid\":\"51\",\"pidName\":\"组织管理\",\"status\":1,\"target\":\"_self\",\"type\":2,\"updateTime\":1604926983098,\"url\":\"/index/location\"}]', '192.168.56.1', '2020-11-09 21:03:03'),
('1325785976747876354', '1', 'admin', '菜单权限管理-获取所有菜单权限', 282, 'com.company.project.controller.PermissionController.getAllMenusPermission()', NULL, '192.168.56.1', '2020-11-09 21:03:03'),
('1325785983525871617', '1', 'admin', '菜单权限管理-获取所有目录菜单树', 305, 'com.company.project.controller.PermissionController.getAllMenusPermissionTree()', '[\"51\"]', '192.168.56.1', '2020-11-09 21:03:05'),
('1325786024999149569', '1', 'admin', '菜单权限管理-更新菜单权限', 11, 'com.company.project.controller.PermissionController.updatePermission()', '[{\"icon\":\"layui-icon-user\",\"id\":\"51\",\"name\":\"資產管理\",\"orderNum\":1,\"perms\":\"\",\"pid\":\"0\",\"pidName\":\"\",\"status\":1,\"target\":\"_self\",\"type\":1,\"updateTime\":1604926994917,\"url\":\"\"}]', '192.168.56.1', '2020-11-09 21:03:14'),
('1325786026177748994', '1', 'admin', '菜单权限管理-获取所有菜单权限', 247, 'com.company.project.controller.PermissionController.getAllMenusPermission()', NULL, '192.168.56.1', '2020-11-09 21:03:15'),
('1325786039297531906', '1', 'admin', '菜单权限管理-获取所有目录菜单树', 218, 'com.company.project.controller.PermissionController.getAllMenusPermissionTree()', '[\"11\"]', '192.168.56.1', '2020-11-09 21:03:18'),
('1325786072625471489', '1', 'admin', '菜单权限管理-更新菜单权限', 8, 'com.company.project.controller.PermissionController.updatePermission()', '[{\"icon\":\"layui-icon-user\",\"id\":\"11\",\"name\":\"權限管理\",\"orderNum\":98,\"perms\":\"\",\"pid\":\"51\",\"pidName\":\"資產管理\",\"status\":1,\"target\":\"_self\",\"type\":2,\"updateTime\":1604927006274,\"url\":\"/index/menus\"}]', '192.168.56.1', '2020-11-09 21:03:26'),
('1325786073644687362', '1', 'admin', '菜单权限管理-获取所有菜单权限', 223, 'com.company.project.controller.PermissionController.getAllMenusPermission()', NULL, '192.168.56.1', '2020-11-09 21:03:26'),
('1325786093500522498', '1', 'admin', '菜单权限管理-获取所有目录菜单树', 176, 'com.company.project.controller.PermissionController.getAllMenusPermissionTree()', '[\"11\"]', '192.168.56.1', '2020-11-09 21:03:31'),
('1325786110579728386', '1', 'admin', '菜单权限管理-更新菜单权限', 13, 'com.company.project.controller.PermissionController.updatePermission()', '[{\"icon\":\"layui-icon-user\",\"id\":\"11\",\"name\":\"權限管理\",\"orderNum\":98,\"perms\":\"\",\"pid\":\"54\",\"pidName\":\"系统管理\",\"status\":1,\"target\":\"_self\",\"type\":2,\"updateTime\":1604927015322,\"url\":\"/index/menus\"}]', '192.168.56.1', '2020-11-09 21:03:35'),
('1325786111452143618', '1', 'admin', '菜单权限管理-获取所有菜单权限', 180, 'com.company.project.controller.PermissionController.getAllMenusPermission()', NULL, '192.168.56.1', '2020-11-09 21:03:35'),
('1325786122621575169', '1', 'admin', '菜单权限管理-获取所有目录菜单树', 211, 'com.company.project.controller.PermissionController.getAllMenusPermissionTree()', '[\"53\"]', '192.168.56.1', '2020-11-09 21:03:38'),
('1325786137045786626', '1', 'admin', '菜单权限管理-更新菜单权限', 13, 'com.company.project.controller.PermissionController.updatePermission()', '[{\"icon\":\"layui-icon-user\",\"id\":\"53\",\"name\":\"角色管理\",\"orderNum\":99,\"perms\":\"\",\"pid\":\"54\",\"pidName\":\"系统管理\",\"status\":1,\"target\":\"_self\",\"type\":2,\"updateTime\":1604927021637,\"url\":\"/index/roles\"}]', '192.168.56.1', '2020-11-09 21:03:41'),
('1325786137972727809', '1', 'admin', '菜单权限管理-获取所有菜单权限', 200, 'com.company.project.controller.PermissionController.getAllMenusPermission()', NULL, '192.168.56.1', '2020-11-09 21:03:41'),
('1325786173695614977', '1', 'admin', '菜单权限管理-获取所有目录菜单树', 181, 'com.company.project.controller.PermissionController.getAllMenusPermissionTree()', '[\"15\"]', '192.168.56.1', '2020-11-09 21:03:50'),
('1325786394781573121', '1', 'admin', '菜单权限管理-更新菜单权限', 12, 'com.company.project.controller.PermissionController.updatePermission()', '[{\"icon\":\"layui-icon-user\",\"id\":\"15\",\"name\":\"CRUD MVC產生器\",\"orderNum\":1,\"perms\":\"\",\"pid\":\"54\",\"pidName\":\"系统管理\",\"status\":1,\"target\":\"_self\",\"type\":2,\"updateTime\":1604927083086,\"url\":\"/index/sysGenerator\"}]', '192.168.56.1', '2020-11-09 21:04:43'),
('1325786395586879489', '1', 'admin', '菜单权限管理-获取所有菜单权限', 168, 'com.company.project.controller.PermissionController.getAllMenusPermission()', NULL, '192.168.56.1', '2020-11-09 21:04:43'),
('1325786417032355841', '1', 'admin', '菜单权限管理-获取所有目录菜单树', 167, 'com.company.project.controller.PermissionController.getAllMenusPermissionTree()', '[\"\"]', '192.168.56.1', '2020-11-09 21:04:48'),
('1325786584892596225', '1', 'admin', '菜单权限管理-新增菜单权限', 7, 'com.company.project.controller.PermissionController.addPermission()', '[{\"createTime\":1604927128409,\"deleted\":1,\"icon\":\"\",\"id\":\"1325786584850653186\",\"name\":\"輔助工具\",\"orderNum\":3,\"perms\":\"\",\"pid\":\"0\",\"pidName\":\"默认顶级菜单\",\"status\":1,\"target\":\"_self\",\"type\":1,\"updateTime\":1604927128409,\"url\":\"\"}]', '192.168.56.1', '2020-11-09 21:05:28'),
('1325786585844703233', '1', 'admin', '菜单权限管理-获取所有菜单权限', 195, 'com.company.project.controller.PermissionController.getAllMenusPermission()', NULL, '192.168.56.1', '2020-11-09 21:05:28'),
('1325786616366653442', '1', 'admin', '菜单权限管理-获取所有目录菜单树', 196, 'com.company.project.controller.PermissionController.getAllMenusPermissionTree()', '[\"15\"]', '192.168.56.1', '2020-11-09 21:05:35'),
('1325786639372410881', '1', 'admin', '菜单权限管理-更新菜单权限', 10, 'com.company.project.controller.PermissionController.updatePermission()', '[{\"icon\":\"layui-icon-user\",\"id\":\"15\",\"name\":\"CRUD MVC產生器\",\"orderNum\":1,\"perms\":\"\",\"pid\":\"1325786584850653186\",\"pidName\":\"輔助工具\",\"status\":1,\"target\":\"_self\",\"type\":2,\"updateTime\":1604927141402,\"url\":\"/index/sysGenerator\"}]', '192.168.56.1', '2020-11-09 21:05:41'),
('1325786640282574850', '1', 'admin', '菜单权限管理-获取所有菜单权限', 196, 'com.company.project.controller.PermissionController.getAllMenusPermission()', NULL, '192.168.56.1', '2020-11-09 21:05:41'),
('1325786675128852482', '1', 'admin', '菜单权限管理-获取所有菜单权限', 157, 'com.company.project.controller.PermissionController.getAllMenusPermission()', NULL, '192.168.56.1', '2020-11-09 21:05:49'),
('1325786700496003073', '1', 'admin', '菜单权限管理-获取所有目录菜单树', 209, 'com.company.project.controller.PermissionController.getAllMenusPermissionTree()', '[\"1325786584850653186\"]', '192.168.56.1', '2020-11-09 21:05:55'),
('1325786708209328129', '1', 'admin', '菜单权限管理-更新菜单权限', 8, 'com.company.project.controller.PermissionController.updatePermission()', '[{\"icon\":\"\",\"id\":\"1325786584850653186\",\"name\":\"輔助工具\",\"orderNum\":3,\"perms\":\"\",\"pid\":\"0\",\"pidName\":\"\",\"status\":1,\"target\":\"_self\",\"type\":1,\"updateTime\":1604927157814,\"url\":\"\"}]', '192.168.56.1', '2020-11-09 21:05:57'),
('1325786709052383234', '1', 'admin', '菜单权限管理-获取所有菜单权限', 181, 'com.company.project.controller.PermissionController.getAllMenusPermission()', NULL, '192.168.56.1', '2020-11-09 21:05:58'),
('1325786717092864001', '1', 'admin', '角色管理-分页获取角色信息', 20, 'com.company.project.controller.RoleController.pageInfo()', '[{}]', '192.168.56.1', '2020-11-09 21:05:59'),
('1325786724013465601', '1', 'admin', '角色管理-查询角色详情', 205, 'com.company.project.controller.RoleController.detailInfo()', '[\"1\"]', '192.168.56.1', '2020-11-09 21:06:01'),
('1325786764832432129', '1', 'admin', '角色管理-更新角色信息', 100, 'com.company.project.controller.RoleController.updateDept()', '[{\"description\":\"拥有所有权限-不能删除\",\"id\":\"1\",\"name\":\"超级管理员\",\"permissions\":[\"51\",\"775337836323799040\",\"775337836323799041\",\"775337836323799042\",\"775337836323799043\",\"775337836323799044\",\"24\",\"10\",\"23\",\"25\",\"42\",\"52\",\"56\",\"57\",\"41\",\"5\",\"9\",\"12\",\"22\",\"38\",\"1325786584850653186\",\"15\",\"1\",\"4\",\"16\",\"20\",\"54\",\"27\",\"28\",\"29\",\"30\",\"31\",\"32\",\"33\",\"34\",\"35\",\"45\",\"46\",\"47\",\"48\",\"49\",\"59\",\"60\",\"61\",\"62\",\"63\",\"55\",\"18\",\"14\",\"8\",\"7\",\"58\",\"11\",\"17\",\"26\",\"40\",\"43\",\"44\",\"53\",\"3\",\"19\",\"36\",\"1311115974068449281\",\"13\",\"39\",\"21\",\"50\",\"2\",\"6\"],\"status\":1,\"updateTime\":1604927171227}]', '192.168.56.1', '2020-11-09 21:06:11'),
('1325786765159587842', '1', 'admin', '角色管理-分页获取角色信息', 11, 'com.company.project.controller.RoleController.pageInfo()', '[{\"name\":\"\"}]', '192.168.56.1', '2020-11-09 21:06:11'),
('1325789691735228418', '1', 'admin', '角色管理-分页获取角色信息', 203, 'com.company.project.controller.RoleController.pageInfo()', '[{}]', '192.168.56.1', '2020-11-09 21:17:49'),
('1325789702401343490', '1', 'admin', '角色管理-查询角色详情', 655, 'com.company.project.controller.RoleController.detailInfo()', '[\"1\"]', '192.168.56.1', '2020-11-09 21:17:51'),
('1325789719002398721', '1', 'admin', '角色管理-更新角色信息', 220, 'com.company.project.controller.RoleController.updateDept()', '[{\"description\":\"拥有所有权限-不能删除\",\"id\":\"1\",\"name\":\"超级管理员\",\"permissions\":[\"51\",\"775337836323799040\",\"775337836323799041\",\"775337836323799042\",\"775337836323799043\",\"775337836323799044\",\"24\",\"10\",\"23\",\"25\",\"42\",\"52\",\"56\",\"57\",\"41\",\"5\",\"9\",\"12\",\"22\",\"38\",\"1325786584850653186\",\"15\",\"1\",\"4\",\"16\",\"20\",\"54\",\"27\",\"28\",\"29\",\"30\",\"31\",\"32\",\"33\",\"34\",\"35\",\"45\",\"46\",\"47\",\"48\",\"49\",\"59\",\"60\",\"61\",\"62\",\"63\",\"55\",\"18\",\"14\",\"8\",\"7\",\"58\",\"11\",\"17\",\"26\",\"40\",\"43\",\"44\",\"53\",\"3\",\"19\",\"36\",\"1311115974068449281\",\"13\",\"39\",\"21\",\"50\",\"775466540773408768\",\"775466540773408769\",\"775466540773408770\",\"775466540773408771\",\"775466540773408772\",\"2\",\"6\"],\"status\":1,\"updateTime\":1604927875450}]', '192.168.56.1', '2020-11-09 21:17:55'),
('1325789720030003201', '1', 'admin', '角色管理-分页获取角色信息', 38, 'com.company.project.controller.RoleController.pageInfo()', '[{\"name\":\"\"}]', '192.168.56.1', '2020-11-09 21:17:55'),
('1325789730704506882', '1', 'admin', '菜单权限管理-获取所有菜单权限', 538, 'com.company.project.controller.PermissionController.getAllMenusPermission()', NULL, '192.168.56.1', '2020-11-09 21:17:58'),
('1325789777785569281', '1', 'admin', '菜单权限管理-获取所有目录菜单树', 372, 'com.company.project.controller.PermissionController.getAllMenusPermissionTree()', '[\"775466540773408768\"]', '192.168.56.1', '2020-11-09 21:18:09'),
('1325789904084451330', '1', 'admin', '菜单权限管理-更新菜单权限', 18, 'com.company.project.controller.PermissionController.updatePermission()', '[{\"icon\":\"\",\"id\":\"775466540773408768\",\"name\":\"供應商管理\",\"orderNum\":10,\"perms\":\"\",\"pid\":\"51\",\"pidName\":\"資產管理\",\"status\":1,\"target\":\"_self\",\"type\":2,\"updateTime\":1604927919765,\"url\":\"/index/vendor\"}]', '192.168.56.1', '2020-11-09 21:18:39'),
('1325789905867030529', '1', 'admin', '菜单权限管理-获取所有菜单权限', 394, 'com.company.project.controller.PermissionController.getAllMenusPermission()', NULL, '192.168.56.1', '2020-11-09 21:18:40'),
('1325789938607767554', '1', 'admin', '菜单权限管理-获取所有目录菜单树', 459, 'com.company.project.controller.PermissionController.getAllMenusPermissionTree()', '[\"24\"]', '192.168.56.1', '2020-11-09 21:18:48'),
('1325789964805390337', '1', 'admin', '菜单权限管理-更新菜单权限', 10, 'com.company.project.controller.PermissionController.updatePermission()', '[{\"icon\":\"\",\"id\":\"24\",\"name\":\"用戶管理\",\"orderNum\":100,\"perms\":\"\",\"pid\":\"54\",\"pidName\":\"系统管理\",\"status\":1,\"target\":\"_self\",\"type\":2,\"updateTime\":1604927934242,\"url\":\"/index/users\"}]', '192.168.56.1', '2020-11-09 21:18:54'),
('1325789966327922689', '1', 'admin', '菜单权限管理-获取所有菜单权限', 347, 'com.company.project.controller.PermissionController.getAllMenusPermission()', NULL, '192.168.56.1', '2020-11-09 21:18:54'),
('1325790095478931457', '1', 'admin', '机构管理-树型组织列表', 18, 'com.company.project.controller.DeptController.getTree()', '[null]', '192.168.56.1', '2020-11-09 21:19:25'),
('1325790095587983362', '1', 'admin', '用户管理-分页获取用户列表', 22, 'com.company.project.controller.UserController.pageInfo()', '[{}]', '192.168.56.1', '2020-11-09 21:19:25'),
('1325790100122025986', '1', 'admin', '机构管理-获取所有组织机构', 7, 'com.company.project.controller.DeptController.getDeptAll()', NULL, '192.168.56.1', '2020-11-09 21:19:26'),
('1325790148633346049', '1', 'admin', '菜单权限管理-获取所有菜单权限', 281, 'com.company.project.controller.PermissionController.getAllMenusPermission()', NULL, '192.168.56.1', '2020-11-09 21:19:38'),
('1325790161652465666', '1', 'admin', '菜单权限管理-获取所有目录菜单树', 358, 'com.company.project.controller.PermissionController.getAllMenusPermissionTree()', '[\"41\"]', '192.168.56.1', '2020-11-09 21:19:41'),
('1325790189540392962', '1', 'admin', '菜单权限管理-更新菜单权限', 13, 'com.company.project.controller.PermissionController.updatePermission()', '[{\"icon\":\"\",\"id\":\"41\",\"name\":\"部門管理\",\"orderNum\":100,\"perms\":\"\",\"pid\":\"51\",\"pidName\":\"資產管理\",\"status\":1,\"target\":\"_self\",\"type\":2,\"updateTime\":1604927987823,\"url\":\"/index/depts\"}]', '192.168.56.1', '2020-11-09 21:19:47'),
('1325790191071313921', '1', 'admin', '菜单权限管理-获取所有菜单权限', 339, 'com.company.project.controller.PermissionController.getAllMenusPermission()', NULL, '192.168.56.1', '2020-11-09 21:19:48'),
('1325790544680501250', '1', 'admin', '机构管理-获取所有组织机构', 5, 'com.company.project.controller.DeptController.getDeptAll()', NULL, '192.168.56.1', '2020-11-09 21:21:12'),
('1325796034323980289', '1', 'admin', '机构管理-获取所有组织机构', 61, 'com.company.project.controller.DeptController.getDeptAll()', NULL, '192.168.56.1', '2020-11-09 21:43:01'),
('1325801840364765186', '1', 'admin', '机构管理-获取所有组织机构', 28, 'com.company.project.controller.DeptController.getDeptAll()', NULL, '192.168.56.1', '2020-11-09 22:06:05'),
('1325801869347405826', '1', 'admin', '角色管理-分页获取角色信息', 25, 'com.company.project.controller.RoleController.pageInfo()', '[{}]', '192.168.56.1', '2020-11-09 22:06:12'),
('1325801881229869058', '1', 'admin', '角色管理-查询角色详情', 658, 'com.company.project.controller.RoleController.detailInfo()', '[\"1\"]', '192.168.56.1', '2020-11-09 22:06:15'),
('1325801901802930178', '1', 'admin', '角色管理-更新角色信息', 235, 'com.company.project.controller.RoleController.updateDept()', '[{\"description\":\"拥有所有权限-不能删除\",\"id\":\"1\",\"name\":\"超级管理员\",\"permissions\":[\"51\",\"775337836323799040\",\"775337836323799041\",\"775337836323799042\",\"775337836323799043\",\"775337836323799044\",\"775466540773408768\",\"775466540773408769\",\"775466540773408770\",\"775466540773408771\",\"775466540773408772\",\"41\",\"5\",\"9\",\"12\",\"22\",\"38\",\"1325786584850653186\",\"15\",\"1\",\"4\",\"16\",\"20\",\"54\",\"27\",\"28\",\"29\",\"30\",\"31\",\"32\",\"33\",\"34\",\"35\",\"45\",\"46\",\"47\",\"48\",\"49\",\"59\",\"60\",\"61\",\"62\",\"63\",\"55\",\"18\",\"14\",\"8\",\"7\",\"58\",\"11\",\"17\",\"26\",\"40\",\"43\",\"44\",\"53\",\"3\",\"19\",\"36\",\"1311115974068449281\",\"13\",\"39\",\"24\",\"10\",\"23\",\"25\",\"42\",\"52\",\"56\",\"57\",\"21\",\"50\",\"775476402018320384\",\"775476402018320385\",\"775476402018320386\",\"775476402018320387\",\"775476402018320388\",\"2\",\"6\"],\"status\":1,\"updateTime\":1604930780040}]', '192.168.56.1', '2020-11-09 22:06:20'),
('1325801902675345409', '1', 'admin', '角色管理-分页获取角色信息', 26, 'com.company.project.controller.RoleController.pageInfo()', '[{\"name\":\"\"}]', '192.168.56.1', '2020-11-09 22:06:20'),
('1325801910980067330', '1', 'admin', '菜单权限管理-获取所有菜单权限', 488, 'com.company.project.controller.PermissionController.getAllMenusPermission()', NULL, '192.168.56.1', '2020-11-09 22:06:22'),
('1325801929791520769', '1', 'admin', '菜单权限管理-获取所有目录菜单树', 419, 'com.company.project.controller.PermissionController.getAllMenusPermissionTree()', '[\"775476402018320384\"]', '192.168.56.1', '2020-11-09 22:06:26'),
('1325802007486808065', '1', 'admin', '菜单权限管理-更新菜单权限', 14, 'com.company.project.controller.PermissionController.updatePermission()', '[{\"icon\":\"\",\"id\":\"775476402018320384\",\"name\":\"資產類別\",\"orderNum\":10,\"perms\":\"\",\"pid\":\"51\",\"pidName\":\"資產管理\",\"status\":1,\"target\":\"_self\",\"type\":2,\"updateTime\":1604930805442,\"url\":\"/index/assetType\"}]', '192.168.56.1', '2020-11-09 22:06:45'),
('1325802009084837889', '1', 'admin', '菜单权限管理-获取所有菜单权限', 359, 'com.company.project.controller.PermissionController.getAllMenusPermission()', NULL, '192.168.56.1', '2020-11-09 22:06:45'),
('1325802020753391617', '1', 'admin', '机构管理-获取所有组织机构', 8, 'com.company.project.controller.DeptController.getDeptAll()', NULL, '192.168.56.1', '2020-11-09 22:06:48'),
('1325803079215419394', '1', 'admin', '机构管理-获取所有组织机构', 30, 'com.company.project.controller.DeptController.getDeptAll()', NULL, '192.168.56.1', '2020-11-09 22:11:00'),
('1325804479257284610', '1', 'admin', '机构管理-获取所有组织机构', 30, 'com.company.project.controller.DeptController.getDeptAll()', NULL, '192.168.56.1', '2020-11-09 22:16:34'),
('1325812808092311553', '1', 'admin', '机构管理-获取所有组织机构', 23, 'com.company.project.controller.DeptController.getDeptAll()', NULL, '192.168.56.1', '2020-11-09 22:49:40'),
('1325813576144871426', '1', 'admin', '机构管理-获取所有组织机构', 11, 'com.company.project.controller.DeptController.getDeptAll()', NULL, '192.168.56.1', '2020-11-09 22:52:43'),
('1325941349937143809', '1', 'admin', '机构管理-获取所有组织机构', 21, 'com.company.project.controller.DeptController.getDeptAll()', NULL, '192.168.56.1', '2020-11-10 07:20:27'),
('1325941360531955714', '1', 'admin', '机构管理-树型组织列表', 37, 'com.company.project.controller.DeptController.getTree()', '[\"1\"]', '192.168.56.1', '2020-11-10 07:20:29'),
('1325941410888769537', '1', 'admin', '机构管理-更新组织信息', 42, 'com.company.project.controller.DeptController.updateDept()', '[{\"id\":\"1\",\"managerName\":\"小李\",\"name\":\"中央\",\"phone\":\"999\",\"pid\":\"0\",\"pidName\":\"\",\"status\":1,\"updateTime\":1604964041797}]', '192.168.56.1', '2020-11-10 07:20:41'),
('1325941411073318914', '1', 'admin', '机构管理-获取所有组织机构', 9, 'com.company.project.controller.DeptController.getDeptAll()', NULL, '192.168.56.1', '2020-11-10 07:20:41'),
('1326166144612069377', '1', 'admin', '角色管理-分页获取角色信息', 77, 'com.company.project.controller.RoleController.pageInfo()', '[{}]', '192.168.56.1', '2020-11-10 22:13:42'),
('1326166151805300738', '1', 'admin', '角色管理-查询角色详情', 541, 'com.company.project.controller.RoleController.detailInfo()', '[\"1\"]', '192.168.56.1', '2020-11-10 22:13:44'),
('1326166168133726209', '1', 'admin', '角色管理-更新角色信息', 135, 'com.company.project.controller.RoleController.updateDept()', '[{\"description\":\"拥有所有权限-不能删除\",\"id\":\"1\",\"name\":\"超级管理员\",\"permissions\":[\"51\",\"775337836323799040\",\"775337836323799041\",\"775337836323799042\",\"775337836323799043\",\"775337836323799044\",\"775466540773408768\",\"775466540773408769\",\"775466540773408770\",\"775466540773408771\",\"775466540773408772\",\"775476402018320384\",\"775476402018320385\",\"775476402018320386\",\"775476402018320387\",\"775476402018320388\",\"41\",\"5\",\"9\",\"12\",\"22\",\"38\",\"1325786584850653186\",\"15\",\"1\",\"4\",\"16\",\"20\",\"54\",\"27\",\"28\",\"29\",\"30\",\"31\",\"32\",\"33\",\"34\",\"35\",\"45\",\"46\",\"47\",\"48\",\"49\",\"59\",\"60\",\"61\",\"62\",\"63\",\"55\",\"18\",\"14\",\"8\",\"7\",\"58\",\"11\",\"17\",\"26\",\"40\",\"43\",\"44\",\"53\",\"3\",\"19\",\"36\",\"1311115974068449281\",\"13\",\"39\",\"24\",\"10\",\"23\",\"25\",\"42\",\"52\",\"56\",\"57\",\"21\",\"50\",\"775819574573531136\",\"775819574573531137\",\"775819574573531138\",\"775819574573531139\",\"775819574573531140\",\"2\",\"6\"],\"status\":1,\"updateTime\":1605017627988}]', '192.168.56.1', '2020-11-10 22:13:48'),
('1326166168632848385', '1', 'admin', '角色管理-分页获取角色信息', 9, 'com.company.project.controller.RoleController.pageInfo()', '[{\"name\":\"\"}]', '192.168.56.1', '2020-11-10 22:13:48'),
('1326167083544768514', '1', 'admin', '系统操作日志管理-分页查询系统操作日志', 31, 'com.company.project.controller.SysLogController.pageInfo()', '[{}]', '192.168.56.1', '2020-11-10 22:17:26'),
('1326167140184649729', '1', 'admin', '机构管理-获取所有组织机构', 11, 'com.company.project.controller.DeptController.getDeptAll()', NULL, '192.168.56.1', '2020-11-10 22:17:39'),
('1326171125222227969', '1', 'admin', '机构管理-树型组织列表', 59, 'com.company.project.controller.DeptController.getTree()', '[null]', '192.168.56.1', '2020-11-10 22:33:29'),
('1326171125691990018', '1', 'admin', '用户管理-分页获取用户列表', 176, 'com.company.project.controller.UserController.pageInfo()', '[{}]', '192.168.56.1', '2020-11-10 22:33:30'),
('1326171128762220545', '1', 'admin', '角色管理-分页获取角色信息', 32, 'com.company.project.controller.RoleController.pageInfo()', '[{}]', '192.168.56.1', '2020-11-10 22:33:30'),
('1326171143014465538', '1', 'admin', '角色管理-查询角色详情', 660, 'com.company.project.controller.RoleController.detailInfo()', '[\"1\"]', '192.168.56.1', '2020-11-10 22:33:34'),
('1326171155677069314', '1', 'admin', '菜单权限管理-获取所有菜单权限', 550, 'com.company.project.controller.PermissionController.getAllMenusPermission()', NULL, '192.168.56.1', '2020-11-10 22:33:37'),
('1326171189160198145', '1', 'admin', '菜单权限管理-获取所有目录菜单树', 449, 'com.company.project.controller.PermissionController.getAllMenusPermissionTree()', '[\"775819574573531136\"]', '192.168.56.1', '2020-11-10 22:33:45'),
('1326171246924152833', '1', 'admin', '菜单权限管理-更新菜单权限', 14, 'com.company.project.controller.PermissionController.updatePermission()', '[{\"icon\":\"\",\"id\":\"775819574573531136\",\"name\":\"資產資料\",\"orderNum\":10,\"perms\":\"\",\"pid\":\"51\",\"pidName\":\"資產管理\",\"status\":1,\"target\":\"_self\",\"type\":2,\"updateTime\":1605018838981,\"url\":\"/index/assetlist\"}]', '192.168.56.1', '2020-11-10 22:33:58'),
('1326171248555737090', '1', 'admin', '菜单权限管理-获取所有菜单权限', 360, 'com.company.project.controller.PermissionController.getAllMenusPermission()', NULL, '192.168.56.1', '2020-11-10 22:33:59'),
('1326179279083450369', '1', 'admin', '机构管理-获取所有组织机构', 19, 'com.company.project.controller.DeptController.getDeptAll()', NULL, '192.168.56.1', '2020-11-10 23:05:54'),
('1326179348427878402', '1', 'admin', '角色管理-分页获取角色信息', 32, 'com.company.project.controller.RoleController.pageInfo()', '[{}]', '192.168.56.1', '2020-11-10 23:06:10'),
('1326179351468748801', '1', 'admin', '系统操作日志管理-分页查询系统操作日志', 24, 'com.company.project.controller.SysLogController.pageInfo()', '[{}]', '192.168.56.1', '2020-11-10 23:06:11'),
('1326179356652908545', '1', 'admin', '系统操作日志管理-分页查询系统操作日志', 16, 'com.company.project.controller.SysLogController.pageInfo()', '[{}]', '192.168.56.1', '2020-11-10 23:06:12'),
('1326179370577997826', '1', 'admin', '机构管理-获取所有组织机构', 19, 'com.company.project.controller.DeptController.getDeptAll()', NULL, '192.168.56.1', '2020-11-10 23:06:15'),
('1326182312597045250', '1', 'admin', '机构管理-获取所有组织机构', 16, 'com.company.project.controller.DeptController.getDeptAll()', NULL, '192.168.56.1', '2020-11-10 23:17:57'),
('1326184576007045122', '1', 'admin', '机构管理-获取所有组织机构', 47, 'com.company.project.controller.DeptController.getDeptAll()', NULL, '192.168.56.1', '2020-11-10 23:26:56'),
('1326529675912146945', '1', 'admin', '角色管理-分页获取角色信息', 90, 'com.company.project.controller.RoleController.pageInfo()', '[{}]', '192.168.56.1', '2020-11-11 22:18:15'),
('1326529678990766082', '1', 'admin', '角色管理-分页获取角色信息', 9, 'com.company.project.controller.RoleController.pageInfo()', '[{}]', '192.168.56.1', '2020-11-11 22:18:15'),
('1326529681821921281', '1', 'admin', '机构管理-树型组织列表', 31, 'com.company.project.controller.DeptController.getTree()', '[null]', '192.168.56.1', '2020-11-11 22:18:16'),
('1326529682111328257', '1', 'admin', '用户管理-分页获取用户列表', 63, 'com.company.project.controller.UserController.pageInfo()', '[{}]', '192.168.56.1', '2020-11-11 22:18:16'),
('1326529731260182530', NULL, NULL, '用户管理-更新用户信息', 25, 'com.company.project.controller.UserController.updateUserInfo()', '[{\"deptId\":\"1\",\"deptName\":\"中央\",\"id\":\"1\",\"password\":\"3671b4d99d6cdf0e602cc540393076c9\",\"phone\":\"13888888888\",\"status\":1,\"updateTime\":1605104308309,\"username\":\"admin\"}]', '192.168.56.1', '2020-11-11 22:18:28'),
('1326529919261470721', '1', 'admin', '机构管理-获取所有组织机构', 12, 'com.company.project.controller.DeptController.getDeptAll()', NULL, '192.168.56.1', '2020-11-11 22:19:13'),
('1326529959157690369', '1', 'admin', '机构管理-获取所有组织机构', 11, 'com.company.project.controller.DeptController.getDeptAll()', NULL, '192.168.56.1', '2020-11-11 22:19:22'),
('1326535714606796802', '1', 'admin', '机构管理-获取所有组织机构', 18, 'com.company.project.controller.DeptController.getDeptAll()', NULL, '192.168.56.1', '2020-11-11 22:42:14'),
('1326882129757339650', '1', 'admin', '机构管理-获取所有组织机构', 35, 'com.company.project.controller.DeptController.getDeptAll()', NULL, '192.168.56.1', '2020-11-12 21:38:46'),
('1326883191109189634', '1', 'admin', '机构管理-树型组织列表', 18, 'com.company.project.controller.DeptController.getTree()', '[\"\"]', '192.168.56.1', '2020-11-12 21:42:59'),
('1326883223841538049', '1', 'admin', '机构管理-获取所有组织机构', 10, 'com.company.project.controller.DeptController.getDeptAll()', NULL, '192.168.56.1', '2020-11-12 21:43:07'),
('1326883509503000577', '1', 'admin', '机构管理-树型组织列表', 22, 'com.company.project.controller.DeptController.getTree()', '[null]', '192.168.56.1', '2020-11-12 21:44:15'),
('1326883509704327170', '1', 'admin', '用户管理-分页获取用户列表', 36, 'com.company.project.controller.UserController.pageInfo()', '[{}]', '192.168.56.1', '2020-11-12 21:44:15'),
('1326883548354838529', '1', 'admin', '机构管理-获取所有组织机构', 8, 'com.company.project.controller.DeptController.getDeptAll()', NULL, '192.168.56.1', '2020-11-12 21:44:24'),
('1327240052585095170', '1', 'admin', '机构管理-获取所有组织机构', 29, 'com.company.project.controller.DeptController.getDeptAll()', NULL, '192.168.56.1', '2020-11-13 21:21:02'),
('1327249207790260225', '1', 'admin', '机构管理-获取所有组织机构', 39, 'com.company.project.controller.DeptController.getDeptAll()', NULL, '192.168.56.1', '2020-11-13 21:57:24'),
('1327255948703666177', '1', 'admin', '菜单权限管理-获取所有菜单权限', 687, 'com.company.project.controller.PermissionController.getAllMenusPermission()', NULL, '192.168.56.1', '2020-11-13 22:24:12'),
('1327255978357395458', '1', 'admin', '菜单权限管理-获取所有目录菜单树', 538, 'com.company.project.controller.PermissionController.getAllMenusPermissionTree()', '[\"45\"]', '192.168.56.1', '2020-11-13 22:24:19'),
('1327256039745228802', '1', 'admin', '菜单权限管理-更新菜单权限', 16, 'com.company.project.controller.PermissionController.updatePermission()', '[{\"icon\":\"\",\"id\":\"45\",\"name\":\"總種類管理\",\"orderNum\":10,\"perms\":\"\",\"pid\":\"51\",\"pidName\":\"資產管理\",\"status\":1,\"target\":\"_self\",\"type\":2,\"updateTime\":1605277473746,\"url\":\"/index/sysDict\"}]', '192.168.56.1', '2020-11-13 22:24:33'),
('1327256041875935233', '1', 'admin', '菜单权限管理-获取所有菜单权限', 477, 'com.company.project.controller.PermissionController.getAllMenusPermission()', NULL, '192.168.56.1', '2020-11-13 22:24:34'),
('1327257805740126209', '1', 'admin', '机构管理-获取所有组织机构', 53, 'com.company.project.controller.DeptController.getDeptAll()', NULL, '192.168.56.1', '2020-11-13 22:31:34'),
('1327259085158010881', '1', 'admin', '机构管理-获取所有组织机构', 68, 'com.company.project.controller.DeptController.getDeptAll()', NULL, '192.168.56.1', '2020-11-13 22:36:39'),
('1327524941007978497', '1', 'admin', '机构管理-获取所有组织机构', 24, 'com.company.project.controller.DeptController.getDeptAll()', NULL, '192.168.56.1', '2020-11-14 16:13:04'),
('1327525381397315586', '1', 'admin', '系统操作日志管理-分页查询系统操作日志', 41, 'com.company.project.controller.SysLogController.pageInfo()', '[{}]', '192.168.56.1', '2020-11-14 16:14:49'),
('1327540094688567297', '1', 'admin', '菜单权限管理-获取所有菜单权限', 608, 'com.company.project.controller.PermissionController.getAllMenusPermission()', NULL, '192.168.56.1', '2020-11-14 17:13:17'),
('1327543444373045249', '1', 'admin', '机构管理-获取所有组织机构', 51, 'com.company.project.controller.DeptController.getDeptAll()', NULL, '192.168.56.1', '2020-11-14 17:26:36'),
('1327545778247393282', '1', 'admin', '系统操作日志管理-分页查询系统操作日志', 36, 'com.company.project.controller.SysLogController.pageInfo()', '[{}]', '192.168.56.1', '2020-11-14 17:35:52'),
('1327548233341206529', '1', 'admin', '菜单权限管理-获取所有菜单权限', 703, 'com.company.project.controller.PermissionController.getAllMenusPermission()', NULL, '192.168.56.1', '2020-11-14 17:45:38'),
('1327548282540392449', '1', 'admin', '菜单权限管理-获取所有目录菜单树', 519, 'com.company.project.controller.PermissionController.getAllMenusPermissionTree()', '[\"775819574573531136\"]', '192.168.56.1', '2020-11-14 17:45:49'),
('1327548353176666113', '1', 'admin', '菜单权限管理-更新菜单权限', 21, 'com.company.project.controller.PermissionController.updatePermission()', '[{\"icon\":\"layui-icon-template-1\",\"id\":\"775819574573531136\",\"name\":\"資產資料\",\"orderNum\":10,\"perms\":\"\",\"pid\":\"51\",\"pidName\":\"資產管理\",\"status\":1,\"target\":\"_self\",\"type\":2,\"updateTime\":1605347166687,\"url\":\"/index/assetlist\"}]', '192.168.56.1', '2020-11-14 17:46:06'),
('1327548357605851138', '1', 'admin', '菜单权限管理-获取所有菜单权限', 988, 'com.company.project.controller.PermissionController.getAllMenusPermission()', NULL, '192.168.56.1', '2020-11-14 17:46:07'),
('1327549590659960833', '1', 'admin', '菜单权限管理-获取所有菜单权限', 712, 'com.company.project.controller.PermissionController.getAllMenusPermission()', NULL, '192.168.56.1', '2020-11-14 17:51:01'),
('1327549626177327106', '1', 'admin', '菜单权限管理-获取所有目录菜单树', 553, 'com.company.project.controller.PermissionController.getAllMenusPermissionTree()', '[\"775819574573531136\"]', '192.168.56.1', '2020-11-14 17:51:10'),
('1327549632489754625', '1', 'admin', '菜单权限管理-更新菜单权限', 25, 'com.company.project.controller.PermissionController.updatePermission()', '[{\"icon\":\"layui-icon-template-1\",\"id\":\"775819574573531136\",\"name\":\"資產資料\",\"orderNum\":10,\"perms\":\"\",\"pid\":\"51\",\"pidName\":\"資產管理\",\"status\":1,\"target\":\"_self\",\"type\":2,\"updateTime\":1605347471707,\"url\":\"/index/assetlist\"}]', '192.168.56.1', '2020-11-14 17:51:11'),
('1327549636138799106', '1', 'admin', '菜单权限管理-获取所有菜单权限', 822, 'com.company.project.controller.PermissionController.getAllMenusPermission()', NULL, '192.168.56.1', '2020-11-14 17:51:12'),
('1327549722608570369', '1', 'admin', '菜单权限管理-获取所有菜单权限', 509, 'com.company.project.controller.PermissionController.getAllMenusPermission()', NULL, '192.168.56.1', '2020-11-14 17:51:33'),
('1327549725070626817', '1', 'admin', '系统操作日志管理-分页查询系统操作日志', 25, 'com.company.project.controller.SysLogController.pageInfo()', '[{}]', '192.168.56.1', '2020-11-14 17:51:33'),
('1327549745618522113', '1', 'admin', '系统操作日志管理-分页查询系统操作日志', 14, 'com.company.project.controller.SysLogController.pageInfo()', '[{\"operation\":\"\",\"username\":\"ADMIN\"}]', '192.168.56.1', '2020-11-14 17:51:38'),
('1327549749435338753', '1', 'admin', '系统操作日志管理-分页查询系统操作日志', 9, 'com.company.project.controller.SysLogController.pageInfo()', '[{\"operation\":\"\",\"username\":\"ADMIN\"}]', '192.168.56.1', '2020-11-14 17:51:39'),
('1327549824714706946', '1', 'admin', '系统操作日志管理-分页查询系统操作日志', 10, 'com.company.project.controller.SysLogController.pageInfo()', '[{\"operation\":\"菜\",\"username\":\"\"}]', '192.168.56.1', '2020-11-14 17:51:57'),
('1327549829764648962', '1', 'admin', '系统操作日志管理-分页查询系统操作日志', 7, 'com.company.project.controller.SysLogController.pageInfo()', '[{\"operation\":\"菜\",\"username\":\"\"}]', '192.168.56.1', '2020-11-14 17:51:58'),
('1327643374311723009', '1', 'admin', '机构管理-获取所有组织机构', 27, 'com.company.project.controller.DeptController.getDeptAll()', NULL, '192.168.56.1', '2020-11-15 00:03:41'),
('1327646193559392257', '1', 'admin', '机构管理-获取所有组织机构', 66, 'com.company.project.controller.DeptController.getDeptAll()', NULL, '192.168.56.1', '2020-11-15 00:14:53'),
('1327768671183036417', '1', 'admin', '机构管理-获取所有组织机构', 88, 'com.company.project.controller.DeptController.getDeptAll()', NULL, '192.168.56.1', '2020-11-15 08:21:34'),
('1327770246928523265', '1', 'admin', '机构管理-获取所有组织机构', 14, 'com.company.project.controller.DeptController.getDeptAll()', NULL, '192.168.56.1', '2020-11-15 08:27:50'),
('1327774037836947457', '1', 'admin', '机构管理-获取所有组织机构', 13, 'com.company.project.controller.DeptController.getDeptAll()', NULL, '192.168.56.1', '2020-11-15 08:42:54'),
('1327890882090762241', '1', 'admin', '机构管理-获取所有组织机构', 28, 'com.company.project.controller.DeptController.getDeptAll()', NULL, '192.168.56.1', '2020-11-15 16:27:11'),
('1327890917926895618', '1', 'admin', '系统操作日志管理-分页查询系统操作日志', 30, 'com.company.project.controller.SysLogController.pageInfo()', '[{}]', '192.168.56.1', '2020-11-15 16:27:20'),
('1327901139487776769', '1', 'admin', '系统操作日志管理-分页查询系统操作日志', 31, 'com.company.project.controller.SysLogController.pageInfo()', '[{}]', '192.168.56.1', '2020-11-15 17:07:57'),
('1327901155086393345', '1', 'admin', '菜单权限管理-获取所有菜单权限', 692, 'com.company.project.controller.PermissionController.getAllMenusPermission()', NULL, '192.168.56.1', '2020-11-15 17:08:01'),
('1327901174816399361', '1', 'admin', '角色管理-分页获取角色信息', 29, 'com.company.project.controller.RoleController.pageInfo()', '[{}]', '192.168.56.1', '2020-11-15 17:08:05'),
('1327901191606198273', '1', 'admin', '角色管理-查询角色详情', 840, 'com.company.project.controller.RoleController.detailInfo()', '[\"1\"]', '192.168.56.1', '2020-11-15 17:08:09'),
('1327901210270851074', '1', 'admin', '角色管理-分页获取角色信息', 11, 'com.company.project.controller.RoleController.pageInfo()', '[{}]', '192.168.56.1', '2020-11-15 17:08:14'),
('1327901223843618818', '1', 'admin', '菜单权限管理-获取所有菜单权限', 498, 'com.company.project.controller.PermissionController.getAllMenusPermission()', NULL, '192.168.56.1', '2020-11-15 17:08:17'),
('1327901227773681665', '1', 'admin', '系统操作日志管理-分页查询系统操作日志', 18, 'com.company.project.controller.SysLogController.pageInfo()', '[{}]', '192.168.56.1', '2020-11-15 17:08:18'),
('1327913330383282177', '1', 'admin', '菜单权限管理-获取所有菜单权限', 515, 'com.company.project.controller.PermissionController.getAllMenusPermission()', NULL, '192.168.56.1', '2020-11-15 17:56:24'),
('1327913363660890113', '1', 'admin', '角色管理-分页获取角色信息', 89, 'com.company.project.controller.RoleController.pageInfo()', '[{}]', '192.168.56.1', '2020-11-15 17:56:32'),
('1327913377854414850', '1', 'admin', '角色管理-查询角色详情', 421, 'com.company.project.controller.RoleController.detailInfo()', '[\"1\"]', '192.168.56.1', '2020-11-15 17:56:35'),
('1327913418174259202', '1', 'admin', '角色管理-更新角色信息', 126, 'com.company.project.controller.RoleController.updateDept()', '[{\"description\":\"拥有所有权限-不能删除\",\"id\":\"1\",\"name\":\"超级管理员\",\"permissions\":[\"51\",\"45\",\"46\",\"47\",\"48\",\"49\",\"775337836323799040\",\"775337836323799041\",\"775337836323799042\",\"775337836323799043\",\"775337836323799044\",\"775466540773408768\",\"775466540773408769\",\"775466540773408770\",\"775466540773408771\",\"775466540773408772\",\"775476402018320384\",\"775476402018320385\",\"775476402018320386\",\"775476402018320387\",\"775476402018320388\",\"775819574573531136\",\"775819574573531137\",\"775819574573531138\",\"775819574573531139\",\"775819574573531140\",\"41\",\"5\",\"9\",\"12\",\"22\",\"38\",\"1325786584850653186\",\"15\",\"1\",\"4\",\"16\",\"20\",\"54\",\"27\",\"28\",\"29\",\"30\",\"31\",\"32\",\"33\",\"34\",\"35\",\"59\",\"60\",\"61\",\"62\",\"63\",\"55\",\"18\",\"14\",\"8\",\"7\",\"58\",\"11\",\"17\",\"26\",\"40\",\"43\",\"44\",\"53\",\"3\",\"19\",\"36\",\"1311115974068449281\",\"13\",\"39\",\"24\",\"10\",\"23\",\"25\",\"42\",\"52\",\"56\",\"57\",\"21\",\"50\",\"777590991396798464\",\"777590991396798465\",\"777590991396798466\",\"777590991396798467\",\"777590991396798468\",\"2\",\"6\"],\"status\":1,\"updateTime\":1605434204872}]', '192.168.56.1', '2020-11-15 17:56:44'),
('1327913418572718081', '1', 'admin', '角色管理-分页获取角色信息', 17, 'com.company.project.controller.RoleController.pageInfo()', '[{\"name\":\"\"}]', '192.168.56.1', '2020-11-15 17:56:45'),
('1327918757481299970', '1', 'admin', '菜单权限管理-获取所有菜单权限', 929, 'com.company.project.controller.PermissionController.getAllMenusPermission()', NULL, '192.168.56.1', '2020-11-15 18:17:57'),
('1327918792226914305', '1', 'admin', '菜单权限管理-获取所有目录菜单树', 909, 'com.company.project.controller.PermissionController.getAllMenusPermissionTree()', '[\"775476402018320384\"]', '192.168.56.1', '2020-11-15 18:18:06'),
('1327918806575628290', '1', 'admin', '菜单权限管理-更新菜单权限', 33, 'com.company.project.controller.PermissionController.updatePermission()', '[{\"icon\":\"\",\"id\":\"775476402018320384\",\"name\":\"資產類別\",\"orderNum\":10,\"perms\":\"\",\"pid\":\"51\",\"pidName\":\"資產管理\",\"status\":1,\"target\":\"_self\",\"type\":2,\"updateTime\":1605435489666,\"url\":\"/index/assetType\"}]', '192.168.56.1', '2020-11-15 18:18:09'),
('1327918809465503745', '1', 'admin', '菜单权限管理-获取所有菜单权限', 629, 'com.company.project.controller.PermissionController.getAllMenusPermission()', NULL, '192.168.56.1', '2020-11-15 18:18:10'),
('1327918841048612865', '1', 'admin', '菜单权限管理-获取所有目录菜单树', 543, 'com.company.project.controller.PermissionController.getAllMenusPermissionTree()', '[\"775819574573531136\"]', '192.168.56.1', '2020-11-15 18:18:17'),
('1327918876930883586', '1', 'admin', '菜单权限管理-更新菜单权限', 19, 'com.company.project.controller.PermissionController.updatePermission()', '[{\"icon\":\"layui-icon-template-1\",\"id\":\"775819574573531136\",\"name\":\"資產資料(舊)\",\"orderNum\":10,\"perms\":\"\",\"pid\":\"51\",\"pidName\":\"資產管理\",\"status\":1,\"target\":\"_self\",\"type\":2,\"updateTime\":1605435506443,\"url\":\"/index/assetlist\"}]', '192.168.56.1', '2020-11-15 18:18:26'),
('1327918879359385602', '1', 'admin', '菜单权限管理-获取所有菜单权限', 544, 'com.company.project.controller.PermissionController.getAllMenusPermission()', NULL, '192.168.56.1', '2020-11-15 18:18:27'),
('1327918941263118337', '1', 'admin', '角色管理-分页获取角色信息', 48, 'com.company.project.controller.RoleController.pageInfo()', '[{}]', '192.168.56.1', '2020-11-15 18:18:41'),
('1327918954810720257', '1', 'admin', '角色管理-查询角色详情', 611, 'com.company.project.controller.RoleController.detailInfo()', '[\"1\"]', '192.168.56.1', '2020-11-15 18:18:45'),
('1327918998200795137', '1', 'admin', '角色管理-更新角色信息', 145, 'com.company.project.controller.RoleController.updateDept()', '[{\"description\":\"拥有所有权限-不能删除\",\"id\":\"1\",\"name\":\"超级管理员\",\"permissions\":[\"51\",\"45\",\"46\",\"47\",\"48\",\"49\",\"775337836323799040\",\"775337836323799041\",\"775337836323799042\",\"775337836323799043\",\"775337836323799044\",\"775466540773408768\",\"775466540773408769\",\"775466540773408770\",\"775466540773408771\",\"775466540773408772\",\"775819574573531136\",\"775819574573531137\",\"775819574573531138\",\"775819574573531139\",\"775819574573531140\",\"41\",\"5\",\"9\",\"12\",\"22\",\"38\",\"1325786584850653186\",\"15\",\"1\",\"4\",\"16\",\"20\",\"54\",\"27\",\"28\",\"29\",\"30\",\"31\",\"32\",\"33\",\"34\",\"35\",\"59\",\"60\",\"61\",\"62\",\"63\",\"55\",\"18\",\"14\",\"8\",\"7\",\"58\",\"11\",\"17\",\"26\",\"40\",\"43\",\"44\",\"53\",\"3\",\"19\",\"36\",\"1311115974068449281\",\"13\",\"39\",\"24\",\"10\",\"23\",\"25\",\"42\",\"52\",\"56\",\"57\",\"21\",\"50\",\"777590991396798464\",\"777590991396798465\",\"777590991396798466\",\"777590991396798467\",\"777590991396798468\",\"2\",\"6\"],\"status\":1,\"updateTime\":1605435535242}]', '192.168.56.1', '2020-11-15 18:18:55'),
('1327918999123542017', '1', 'admin', '角色管理-分页获取角色信息', 14, 'com.company.project.controller.RoleController.pageInfo()', '[{\"name\":\"\"}]', '192.168.56.1', '2020-11-15 18:18:55'),
('1327919025396662274', '1', 'admin', '菜单权限管理-获取所有菜单权限', 372, 'com.company.project.controller.PermissionController.getAllMenusPermission()', NULL, '192.168.56.1', '2020-11-15 18:19:01'),
('1327919051724308482', '1', 'admin', '菜单权限管理-获取所有目录菜单树', 255, 'com.company.project.controller.PermissionController.getAllMenusPermissionTree()', '[\"777590991396798464\"]', '192.168.56.1', '2020-11-15 18:19:08'),
('1327919108058005506', '1', 'admin', '菜单权限管理-更新菜单权限', 9, 'com.company.project.controller.PermissionController.updatePermission()', '[{\"icon\":\"\",\"id\":\"777590991396798464\",\"name\":\"資產類別\",\"orderNum\":10,\"perms\":\"\",\"pid\":\"51\",\"pidName\":\"資產管理\",\"status\":1,\"target\":\"_self\",\"type\":2,\"updateTime\":1605435561553,\"url\":\"/index/assetType2\"}]', '192.168.56.1', '2020-11-15 18:19:21'),
('1327919109161107458', '1', 'admin', '菜单权限管理-获取所有菜单权限', 238, 'com.company.project.controller.PermissionController.getAllMenusPermission()', NULL, '192.168.56.1', '2020-11-15 18:19:21'),
('1327924236219617281', '1', 'admin', '菜单权限管理-获取所有菜单权限', 867, 'com.company.project.controller.PermissionController.getAllMenusPermission()', NULL, '192.168.56.1', '2020-11-15 18:39:44'),
('1327924296135249921', '1', 'admin', '菜单权限管理-获取所有目录菜单树', 618, 'com.company.project.controller.PermissionController.getAllMenusPermissionTree()', '[\"775819574573531136\"]', '192.168.56.1', '2020-11-15 18:39:58'),
('1327924326384570369', '1', 'admin', '菜单权限管理-更新菜单权限', 35, 'com.company.project.controller.PermissionController.updatePermission()', '[{\"icon\":\"layui-icon-template-1\",\"id\":\"775819574573531136\",\"name\":\"資產資料\",\"orderNum\":10,\"perms\":\"\",\"pid\":\"51\",\"pidName\":\"資產管理\",\"status\":1,\"target\":\"_self\",\"type\":2,\"updateTime\":1605436805678,\"url\":\"/index/assetlist\"}]', '192.168.56.1', '2020-11-15 18:40:05'),
('1327924330520154113', '1', 'admin', '菜单权限管理-获取所有菜单权限', 933, 'com.company.project.controller.PermissionController.getAllMenusPermission()', NULL, '192.168.56.1', '2020-11-15 18:40:06'),
('1327924353500745730', '1', 'admin', '角色管理-分页获取角色信息', 40, 'com.company.project.controller.RoleController.pageInfo()', '[{}]', '192.168.56.1', '2020-11-15 18:40:12'),
('1327924363114090497', '1', 'admin', '角色管理-查询角色详情', 637, 'com.company.project.controller.RoleController.detailInfo()', '[\"1\"]', '192.168.56.1', '2020-11-15 18:40:14'),
('1327924375462121474', '1', 'admin', '菜单权限管理-获取所有菜单权限', 506, 'com.company.project.controller.PermissionController.getAllMenusPermission()', NULL, '192.168.56.1', '2020-11-15 18:40:17'),
('1327924405577224193', '1', 'admin', '菜单权限管理-获取所有目录菜单树', 540, 'com.company.project.controller.PermissionController.getAllMenusPermissionTree()', '[\"775476402018320384\"]', '192.168.56.1', '2020-11-15 18:40:24'),
('1327924422761287681', '1', 'admin', '菜单权限管理-更新菜单权限', 18, 'com.company.project.controller.PermissionController.updatePermission()', '[{\"icon\":\"\",\"id\":\"775476402018320384\",\"name\":\"資產類別(舊)\",\"orderNum\":10,\"perms\":\"\",\"pid\":\"51\",\"pidName\":\"資產管理\",\"status\":1,\"target\":\"_self\",\"type\":2,\"updateTime\":1605436828672,\"url\":\"/index/assetType\"}]', '192.168.56.1', '2020-11-15 18:40:28'),
('1327924425403699202', '1', 'admin', '菜单权限管理-获取所有菜单权限', 598, 'com.company.project.controller.PermissionController.getAllMenusPermission()', NULL, '192.168.56.1', '2020-11-15 18:40:29'),
('1327924444160626689', '1', 'admin', '机构管理-获取所有组织机构', 14, 'com.company.project.controller.DeptController.getDeptAll()', NULL, '192.168.56.1', '2020-11-15 18:40:33'),
('1327924459033628674', '1', 'admin', '菜单权限管理-获取所有菜单权限', 299, 'com.company.project.controller.PermissionController.getAllMenusPermission()', NULL, '192.168.56.1', '2020-11-15 18:40:37'),
('1327924494454525953', '1', 'admin', '菜单权限管理-获取所有目录菜单树', 338, 'com.company.project.controller.PermissionController.getAllMenusPermissionTree()', '[\"775476402018320384\"]', '192.168.56.1', '2020-11-15 18:40:45'),
('1327924586670493697', '1', 'admin', '菜单权限管理-更新菜单权限', 9, 'com.company.project.controller.PermissionController.updatePermission()', '[{\"icon\":\"layui-icon-survey\",\"id\":\"775476402018320384\",\"name\":\"資產類別(舊)\",\"orderNum\":10,\"perms\":\"\",\"pid\":\"51\",\"pidName\":\"資產管理\",\"status\":1,\"target\":\"_self\",\"type\":2,\"updateTime\":1605436867757,\"url\":\"/index/assetType\"}]', '192.168.56.1', '2020-11-15 18:41:07'),
('1327924587752624129', '1', 'admin', '菜单权限管理-获取所有菜单权限', 231, 'com.company.project.controller.PermissionController.getAllMenusPermission()', NULL, '192.168.56.1', '2020-11-15 18:41:08'),
('1327924624767356929', '1', 'admin', '菜单权限管理-获取所有菜单权限', 183, 'com.company.project.controller.PermissionController.getAllMenusPermission()', NULL, '192.168.56.1', '2020-11-15 18:41:16'),
('1327924676806086658', '1', 'admin', '菜单权限管理-获取所有目录菜单树', 199, 'com.company.project.controller.PermissionController.getAllMenusPermissionTree()', '[\"777590991396798464\"]', '192.168.56.1', '2020-11-15 18:41:29'),
('1327924730317017090', '1', 'admin', '菜单权限管理-更新菜单权限', 8, 'com.company.project.controller.PermissionController.updatePermission()', '[{\"icon\":\"layui-icon-tips\",\"id\":\"777590991396798464\",\"name\":\"資產類別\",\"orderNum\":10,\"perms\":\"\",\"pid\":\"51\",\"pidName\":\"資產管理\",\"status\":1,\"target\":\"_self\",\"type\":2,\"updateTime\":1605436902004,\"url\":\"/index/assetType2\"}]', '192.168.56.1', '2020-11-15 18:41:42'),
('1327924731264929793', '1', 'admin', '菜单权限管理-获取所有菜单权限', 205, 'com.company.project.controller.PermissionController.getAllMenusPermission()', NULL, '192.168.56.1', '2020-11-15 18:41:42'),
('1327924749157830658', '1', 'admin', '机构管理-获取所有组织机构', 3, 'com.company.project.controller.DeptController.getDeptAll()', NULL, '192.168.56.1', '2020-11-15 18:41:46'),
('1327924754086137858', '1', 'admin', '机构管理-获取所有组织机构', 7, 'com.company.project.controller.DeptController.getDeptAll()', NULL, '192.168.56.1', '2020-11-15 18:41:47'),
('1327927260996550658', '1', 'admin', '机构管理-获取所有组织机构', 34, 'com.company.project.controller.DeptController.getDeptAll()', NULL, '192.168.56.1', '2020-11-15 18:51:45'),
('1327927286523084801', '1', 'admin', '机构管理-树型组织列表', 18, 'com.company.project.controller.DeptController.getTree()', '[\"\"]', '192.168.56.1', '2020-11-15 18:51:51'),
('1327927349806743553', '1', 'admin', '机构管理-新增组织', 50, 'com.company.project.controller.DeptController.addDept()', '[{\"createTime\":1605437526538,\"deleted\":1,\"deptNo\":\"D000002\",\"id\":\"1327927349735440386\",\"managerName\":\"1223\",\"name\":\"AAA\",\"phone\":\"1234\",\"pid\":\"1\",\"pidName\":\"中央\",\"relationCode\":\"D000001D000002\",\"status\":1,\"updateTime\":1605437526538}]', '192.168.56.1', '2020-11-15 18:52:06'),
('1327927350171648001', '1', 'admin', '机构管理-获取所有组织机构', 30, 'com.company.project.controller.DeptController.getDeptAll()', NULL, '192.168.56.1', '2020-11-15 18:52:06');

-- --------------------------------------------------------

--
-- 資料表結構 `sys_permission`
--

DROP TABLE IF EXISTS `sys_permission`;
CREATE TABLE `sys_permission` (
  `id` varchar(64) NOT NULL COMMENT '主键',
  `name` varchar(300) DEFAULT NULL COMMENT '菜单权限名称',
  `perms` varchar(500) DEFAULT NULL COMMENT '授权(多个用逗号分隔，如：sys:user:add,sys:user:edit)',
  `icon` varchar(255) DEFAULT NULL COMMENT '图标',
  `url` varchar(100) DEFAULT NULL COMMENT '访问地址URL',
  `target` varchar(50) DEFAULT NULL COMMENT 'a target属性:_self _blank',
  `pid` varchar(64) DEFAULT NULL COMMENT '父级菜单权限名称',
  `order_num` int(11) DEFAULT NULL COMMENT '排序',
  `type` tinyint(4) DEFAULT NULL COMMENT '菜单权限类型(1:目录;2:菜单;3:按钮)',
  `status` tinyint(4) DEFAULT NULL COMMENT '状态1:正常 0：禁用',
  `create_time` datetime DEFAULT NULL COMMENT '创建时间',
  `update_time` datetime DEFAULT NULL COMMENT '更新时间',
  `deleted` tinyint(4) DEFAULT NULL COMMENT '是否删除(1未删除；0已删除)'
) ENGINE=InnoDB DEFAULT CHARSET=utf8 COMMENT='系统权限' ROW_FORMAT=COMPACT;

--
-- 傾印資料表的資料 `sys_permission`
--

INSERT INTO `sys_permission` (`id`, `name`, `perms`, `icon`, `url`, `target`, `pid`, `order_num`, `type`, `status`, `create_time`, `update_time`, `deleted`) VALUES
('1', '删除', 'sysGenerator:delete', NULL, 'sysGenerator/delete', NULL, '15', 1, 3, 1, '2020-03-19 13:29:40', '2020-03-19 13:29:40', 1),
('10', '赋予角色', 'sys:user:role:update', NULL, '/sys/user/roles/*', NULL, '24', 100, 3, 1, '2020-03-19 13:29:40', '2020-03-19 13:29:40', 1),
('11', '權限管理', '', 'layui-icon-user', '/index/menus', '_self', '54', 98, 2, 1, '2020-03-19 13:29:40', '2020-11-09 21:03:35', 1),
('12', '列表', 'sys:dept:list', NULL, '/sys/depts', NULL, '41', 100, 3, 1, '2020-03-19 13:29:40', '2020-03-19 13:29:40', 1),
('13', '删除', 'sys:role:deleted', NULL, '/sys/role/*', NULL, '53', 100, 3, 1, '2020-03-19 13:29:40', '2020-03-19 13:29:40', 1),
('1311115974068449281', '数据权限', 'sys:role:bindDept', '', '/sys/role/bindDept', '_self', '53', 5, 3, 1, '2020-09-30 09:29:42', NULL, 1),
('1325786584850653186', '輔助工具', '', '', '', '_self', '0', 3, 1, 1, '2020-11-09 21:05:28', '2020-11-09 21:05:57', 1),
('14', '定时任务立即执行', 'sysJob:run', NULL, '/sysJob/run', '_self', '59', 5, 3, 1, '2020-04-22 15:47:54', NULL, 1),
('15', 'CRUD MVC產生器', '', 'layui-icon-user', '/index/sysGenerator', '_self', '1325786584850653186', 1, 2, 1, '2020-03-19 13:29:40', '2020-11-09 21:05:41', 1),
('16', '列表', 'sysGenerator:list', NULL, 'sysGenerator/listByPage', NULL, '15', 1, 3, 1, '2020-03-19 13:29:40', '2020-03-19 13:29:40', 1),
('17', '详情', 'sys:permission:detail', NULL, '/sys/permission/*', NULL, '11', 100, 3, 1, '2020-03-19 13:29:40', '2020-03-19 13:29:40', 1),
('18', '定时任务恢复', 'sysJob:resume', NULL, '/sysJob/resume', '_self', '59', 4, 3, 1, '2020-04-22 15:48:40', NULL, 1),
('19', '列表', 'sys:role:list', NULL, '/sys/roles', NULL, '53', 0, 3, 1, '2020-03-19 13:29:40', '2020-03-19 13:29:40', 1),
('2', 'SQL 监控', '', '', '/druid/sql.html', '_self', '21', 98, 2, 1, '2020-03-19 13:29:40', '2020-05-07 13:36:59', 1),
('20', '修改', 'sysGenerator:update', NULL, 'sysGenerator/update', NULL, '15', 1, 3, 1, '2020-03-19 13:29:40', '2020-03-19 13:29:40', 1),
('21', '其他', NULL, 'layui-icon-list', NULL, NULL, '0', 200, 1, 1, '2020-03-19 13:29:40', '2020-03-19 13:29:40', 1),
('22', '详情', 'sys:dept:detail', NULL, '/sys/dept/*', NULL, '41', 100, 3, 1, '2020-03-19 13:29:40', '2020-03-19 13:29:40', 1),
('23', '列表', 'sys:user:list', NULL, '/sys/users', NULL, '24', 100, 3, 1, '2020-03-19 13:29:40', '2020-03-19 13:29:40', 1),
('24', '用戶管理', '', '', '/index/users', '_self', '54', 100, 2, 1, '2020-03-19 13:29:40', '2020-11-09 21:18:54', 1),
('25', '详情', 'sys:user:detail', NULL, '/sys/user/*', NULL, '24', 100, 3, 1, '2020-03-19 13:29:40', '2020-03-19 13:29:40', 1),
('26', '删除', 'sys:permission:deleted', NULL, '/sys/permission/*', NULL, '11', 100, 3, 1, '2020-03-19 13:29:40', '2020-03-19 13:29:40', 1),
('27', '文件管理', '', '', '/index/sysFiles', '_self', '54', 10, 2, 1, NULL, '2020-06-15 16:00:29', 1),
('28', '列表', 'sysFiles:list', NULL, 'sysFiles/listByPage', NULL, '27', 0, 3, 1, NULL, NULL, 1),
('29', '新增', 'sysFiles:add', NULL, 'sysFiles/add', NULL, '27', 0, 3, 1, NULL, NULL, 1),
('3', '新增', 'sys:role:add', NULL, '/sys/role', NULL, '53', 0, 3, 1, '2020-03-19 13:29:40', '2020-03-19 13:29:40', 1),
('30', '删除', 'sysFiles:delete', NULL, 'sysFiles/delete', NULL, '27', 0, 3, 1, NULL, NULL, 1),
('31', '文章管理', NULL, NULL, '/index/sysContent', '_self', '54', 10, 2, 1, NULL, NULL, 1),
('32', '列表', 'sysContent:list', NULL, 'sysContent/listByPage', NULL, '31', 0, 3, 1, NULL, NULL, 1),
('33', '新增', 'sysContent:add', NULL, 'sysContent/add', NULL, '31', 0, 3, 1, NULL, NULL, 1),
('34', '修改', 'sysContent:update', NULL, 'sysContent/update', NULL, '31', 0, 3, 1, NULL, NULL, 1),
('35', '删除', 'sysContent:delete', NULL, 'sysContent/delete', NULL, '31', 0, 3, 1, NULL, NULL, 1),
('36', '更新', 'sys:role:update', NULL, '/sys/role', NULL, '53', 0, 3, 1, '2020-03-19 13:29:40', '2020-03-19 13:29:40', 1),
('38', '更新', 'sys:dept:update', NULL, '/sys/dept', NULL, '41', 100, 3, 1, '2020-03-19 13:29:40', '2020-03-19 13:29:40', 1),
('39', '详情', 'sys:role:detail', NULL, '/sys/role/*', NULL, '53', 100, 3, 1, '2020-03-19 13:29:40', '2020-03-19 13:29:40', 1),
('4', '添加', 'sysGenerator:add', NULL, 'sysGenerator/add', NULL, '15', 1, 3, 1, '2020-03-19 13:29:40', '2020-03-19 13:29:40', 1),
('40', '编辑', 'sys:permission:update', NULL, '/sys/permission', NULL, '11', 100, 3, 1, '2020-03-19 13:29:40', '2020-03-19 13:29:40', 1),
('41', '部門管理', '', '', '/index/depts', '_self', '51', 100, 2, 1, '2020-03-19 13:29:40', '2020-11-09 21:19:47', 1),
('42', '新增', 'sys:user:add', NULL, '/sys/user', NULL, '24', 100, 3, 1, '2020-03-19 13:29:40', '2020-03-19 13:29:40', 1),
('43', '列表', 'sys:permission:list', NULL, '/sys/permissions', NULL, '11', 100, 3, 1, '2020-03-19 13:29:40', '2020-03-19 13:29:40', 1),
('44', '新增', 'sys:permission:add', NULL, '/sys/permission', NULL, '11', 100, 3, 1, '2020-03-19 13:29:40', '2020-03-19 13:29:40', 1),
('45', '總種類管理', '', '', '/index/sysDict', '_self', '51', 10, 2, 1, NULL, '2020-11-13 22:24:33', 1),
('46', '列表', 'sysDict:list', NULL, 'sysDict/listByPage', NULL, '45', 0, 3, 1, NULL, NULL, 1),
('47', '新增', 'sysDict:add', NULL, 'sysDict/add', NULL, '45', 0, 3, 1, NULL, NULL, 1),
('48', '修改', 'sysDict:update', NULL, 'sysDict/update', NULL, '45', 0, 3, 1, NULL, NULL, 1),
('49', '删除', 'sysDict:delete', NULL, 'sysDict/delete', NULL, '45', 0, 3, 1, NULL, NULL, 1),
('5', '删除', 'sys:dept:deleted', NULL, '/sys/dept/*', NULL, '41', 100, 3, 1, '2020-03-19 13:29:40', '2020-03-19 13:29:40', 1),
('50', '表单构建', '', '', '/index/build', '_self', '21', 1, 2, 1, '2020-04-22 13:09:41', '2020-05-07 13:36:47', 1),
('51', '資產管理', '', 'layui-icon-user', '', '_self', '0', 1, 1, 1, '2020-03-19 13:29:40', '2020-11-09 21:03:14', 1),
('52', '拥有角色', 'sys:user:role:detail', NULL, '/sys/user/roles/*', NULL, '24', 100, 3, 1, '2020-03-19 13:29:40', '2020-03-19 13:29:40', 1),
('53', '角色管理', '', 'layui-icon-user', '/index/roles', '_self', '54', 99, 2, 1, '2020-03-19 13:29:40', '2020-11-09 21:03:41', 1),
('54', '系统管理', NULL, 'layui-icon-set-fill', NULL, NULL, '0', 98, 1, 1, '2020-03-19 13:29:40', '2020-03-19 13:29:40', 1),
('55', '定时任务暂停', 'sysJob:pause', NULL, '/sysJob/pause', '_self', '59', 1, 3, 1, '2020-04-22 15:48:18', NULL, 1),
('56', '更新', 'sys:user:update', NULL, '/sys/user', NULL, '24', 100, 3, 1, '2020-03-19 13:29:40', '2020-03-19 13:29:40', 1),
('57', '删除', 'sys:user:deleted', NULL, '/sys/user', NULL, '24', 100, 3, 1, '2020-03-19 13:29:40', '2020-03-19 13:29:40', 1),
('58', '删除', 'sys:log:deleted', NULL, '/sys/logs', NULL, '8', 100, 3, 1, '2020-03-19 13:29:40', '2020-03-19 13:29:40', 1),
('59', '定时任务', NULL, NULL, '/index/sysJob', '_self', '54', 10, 2, 1, NULL, NULL, 1),
('6', '接口管理', '', '', '/doc.html', '_blank', '21', 100, 2, 1, '2020-03-19 13:29:40', '2020-05-07 13:36:02', 1),
('60', '列表', 'sysJob:list', NULL, 'sysJob/listByPage', NULL, '59', 0, 3, 1, NULL, NULL, 1),
('61', '新增', 'sysJob:add', NULL, 'sysJob/add', NULL, '59', 0, 3, 1, NULL, NULL, 1),
('62', '修改', 'sysJob:update', NULL, 'sysJob/update', NULL, '59', 0, 3, 1, NULL, NULL, 1),
('63', '删除', 'sysJob:delete', NULL, 'sysJob/delete', NULL, '59', 0, 3, 1, NULL, NULL, 1),
('7', '列表', 'sys:log:list', NULL, '/sys/logs', NULL, '8', 100, 3, 1, '2020-03-19 13:29:40', '2020-03-19 13:29:40', 1),
('775337836323799040', '地點管理', '', '', '/index/location', '_self', '51', 10, 2, 1, NULL, '2020-11-09 21:03:03', 1),
('775337836323799041', '新增', 'location:add', NULL, 'location/add', NULL, '775337836323799040', NULL, 3, 1, NULL, NULL, 1),
('775337836323799042', '修改', 'location:update', NULL, 'location/update', NULL, '775337836323799040', NULL, 3, 1, NULL, NULL, 1),
('775337836323799043', '删除', 'location:delete', NULL, 'location/delete', NULL, '775337836323799040', NULL, 3, 1, NULL, NULL, 1),
('775337836323799044', '列表', 'location:list', NULL, 'location/listByPage', NULL, '775337836323799040', NULL, 3, 1, NULL, NULL, 1),
('775466540773408768', '供應商管理', '', '', '/index/vendor', '_self', '51', 10, 2, 1, NULL, '2020-11-09 21:18:39', 1),
('775466540773408769', '新增', 'vendor:add', NULL, 'vendor/add', NULL, '775466540773408768', NULL, 3, 1, NULL, NULL, 1),
('775466540773408770', '修改', 'vendor:update', NULL, 'vendor/update', NULL, '775466540773408768', NULL, 3, 1, NULL, NULL, 1),
('775466540773408771', '删除', 'vendor:delete', NULL, 'vendor/delete', NULL, '775466540773408768', NULL, 3, 1, NULL, NULL, 1),
('775466540773408772', '列表', 'vendor:list', NULL, 'vendor/listByPage', NULL, '775466540773408768', NULL, 3, 1, NULL, NULL, 1),
('775476402018320384', '資產類別(舊)', '', 'layui-icon-survey', '/index/assetType', '_self', '51', 10, 2, 1, NULL, '2020-11-15 18:41:07', 1),
('775476402018320385', '新增', 'assetType:add', NULL, 'assetType/add', NULL, '775476402018320384', NULL, 3, 1, NULL, NULL, 1),
('775476402018320386', '修改', 'assetType:update', NULL, 'assetType/update', NULL, '775476402018320384', NULL, 3, 1, NULL, NULL, 1),
('775476402018320387', '删除', 'assetType:delete', NULL, 'assetType/delete', NULL, '775476402018320384', NULL, 3, 1, NULL, NULL, 1),
('775476402018320388', '列表', 'assetType:list', NULL, 'assetType/listByPage', NULL, '775476402018320384', NULL, 3, 1, NULL, NULL, 1),
('775819574573531136', '資產資料', '', 'layui-icon-template-1', '/index/assetlist', '_self', '51', 10, 2, 1, NULL, '2020-11-15 18:40:05', 1),
('775819574573531137', '新增', 'assetlist:add', NULL, 'assetlist/add', NULL, '775819574573531136', NULL, 3, 1, NULL, NULL, 1),
('775819574573531138', '修改', 'assetlist:update', NULL, 'assetlist/update', NULL, '775819574573531136', NULL, 3, 1, NULL, NULL, 1),
('775819574573531139', '删除', 'assetlist:delete', NULL, 'assetlist/delete', NULL, '775819574573531136', NULL, 3, 1, NULL, NULL, 1),
('775819574573531140', '列表', 'assetlist:list', NULL, 'assetlist/listByPage', NULL, '775819574573531136', NULL, 3, 1, NULL, NULL, 1),
('777590991396798464', '資產類別', '', 'layui-icon-tips', '/index/assetType2', '_self', '51', 10, 2, 1, NULL, '2020-11-15 18:41:42', 1),
('777590991396798465', '新增', 'assetType2:add', NULL, 'assetType2/add', NULL, '777590991396798464', NULL, 3, 1, NULL, NULL, 1),
('777590991396798466', '修改', 'assetType2:update', NULL, 'assetType2/update', NULL, '777590991396798464', NULL, 3, 1, NULL, NULL, 1),
('777590991396798467', '删除', 'assetType2:delete', NULL, 'assetType2/delete', NULL, '777590991396798464', NULL, 3, 1, NULL, NULL, 1),
('777590991396798468', '列表', 'assetType2:list', NULL, 'assetType2/listByPage', NULL, '777590991396798464', NULL, 3, 1, NULL, NULL, 1),
('8', '日志管理', NULL, NULL, '/index/logs', '_self', '54', 97, 2, 1, '2020-03-19 13:29:40', '2020-03-19 13:29:40', 1),
('9', '新增', 'sys:dept:add', NULL, '/sys/dept', NULL, '41', 100, 3, 1, '2020-03-19 13:29:40', '2020-03-19 13:29:40', 1);

-- --------------------------------------------------------

--
-- 資料表結構 `sys_role`
--

DROP TABLE IF EXISTS `sys_role`;
CREATE TABLE `sys_role` (
  `id` varchar(64) NOT NULL COMMENT '主键',
  `name` varchar(255) DEFAULT NULL COMMENT '角色名称',
  `description` varchar(300) DEFAULT NULL,
  `status` tinyint(4) DEFAULT NULL COMMENT '状态(1:正常0:弃用)',
  `create_time` datetime DEFAULT NULL COMMENT '创建时间',
  `update_time` datetime DEFAULT NULL COMMENT '更新时间',
  `deleted` tinyint(4) DEFAULT NULL COMMENT '是否删除(1未删除；0已删除)',
  `data_scope` int(11) DEFAULT NULL COMMENT '数据范围（1：所有 2：自定义 3： 本部门及以下部门 4：仅本部门 5:自己）'
) ENGINE=InnoDB DEFAULT CHARSET=utf8 COMMENT='系统角色';

--
-- 傾印資料表的資料 `sys_role`
--

INSERT INTO `sys_role` (`id`, `name`, `description`, `status`, `create_time`, `update_time`, `deleted`, `data_scope`) VALUES
('1', '超级管理员', '拥有所有权限-不能删除', 1, '2019-11-01 19:26:29', '2020-11-15 18:18:55', 1, NULL);

-- --------------------------------------------------------

--
-- 資料表結構 `sys_role_dept`
--

DROP TABLE IF EXISTS `sys_role_dept`;
CREATE TABLE `sys_role_dept` (
  `id` varchar(64) NOT NULL COMMENT '主键',
  `role_id` varchar(64) DEFAULT NULL COMMENT '角色id',
  `dept_id` varchar(64) DEFAULT NULL COMMENT '部门id',
  `create_time` datetime DEFAULT NULL COMMENT '创建时间'
) ENGINE=InnoDB DEFAULT CHARSET=utf8 COMMENT='角色部门' ROW_FORMAT=COMPACT;

-- --------------------------------------------------------

--
-- 資料表結構 `sys_role_permission`
--

DROP TABLE IF EXISTS `sys_role_permission`;
CREATE TABLE `sys_role_permission` (
  `id` varchar(64) NOT NULL COMMENT '主键',
  `role_id` varchar(64) DEFAULT NULL COMMENT '角色id',
  `permission_id` varchar(64) DEFAULT NULL COMMENT '菜单权限id',
  `create_time` datetime DEFAULT NULL COMMENT '创建时间'
) ENGINE=InnoDB DEFAULT CHARSET=utf8;

--
-- 傾印資料表的資料 `sys_role_permission`
--

INSERT INTO `sys_role_permission` (`id`, `role_id`, `permission_id`, `create_time`) VALUES
('1327918997760393217', '1', '51', '2020-11-15 18:18:55'),
('1327918997768781826', '1', '45', '2020-11-15 18:18:55'),
('1327918997768781827', '1', '46', '2020-11-15 18:18:55'),
('1327918997768781828', '1', '47', '2020-11-15 18:18:55'),
('1327918997785559042', '1', '48', '2020-11-15 18:18:55'),
('1327918997785559043', '1', '49', '2020-11-15 18:18:55'),
('1327918997793947649', '1', '775337836323799040', '2020-11-15 18:18:55'),
('1327918997793947650', '1', '775337836323799041', '2020-11-15 18:18:55'),
('1327918997793947651', '1', '775337836323799042', '2020-11-15 18:18:55'),
('1327918997806530562', '1', '775337836323799043', '2020-11-15 18:18:55'),
('1327918997806530563', '1', '775337836323799044', '2020-11-15 18:18:55'),
('1327918997806530564', '1', '775466540773408768', '2020-11-15 18:18:55'),
('1327918997814919170', '1', '775466540773408769', '2020-11-15 18:18:55'),
('1327918997814919171', '1', '775466540773408770', '2020-11-15 18:18:55'),
('1327918997814919172', '1', '775466540773408771', '2020-11-15 18:18:55'),
('1327918997814919173', '1', '775466540773408772', '2020-11-15 18:18:55'),
('1327918997823307777', '1', '775819574573531136', '2020-11-15 18:18:55'),
('1327918997831696385', '1', '775819574573531137', '2020-11-15 18:18:55'),
('1327918997831696386', '1', '775819574573531138', '2020-11-15 18:18:55'),
('1327918997831696387', '1', '775819574573531139', '2020-11-15 18:18:55'),
('1327918997840084993', '1', '775819574573531140', '2020-11-15 18:18:55'),
('1327918997840084994', '1', '41', '2020-11-15 18:18:55'),
('1327918997840084995', '1', '5', '2020-11-15 18:18:55'),
('1327918997848473601', '1', '9', '2020-11-15 18:18:55'),
('1327918997852667906', '1', '12', '2020-11-15 18:18:55'),
('1327918997852667907', '1', '22', '2020-11-15 18:18:55'),
('1327918997852667908', '1', '38', '2020-11-15 18:18:55'),
('1327918997852667909', '1', '1325786584850653186', '2020-11-15 18:18:55'),
('1327918997852667910', '1', '15', '2020-11-15 18:18:55'),
('1327918997861056513', '1', '1', '2020-11-15 18:18:55'),
('1327918997861056514', '1', '4', '2020-11-15 18:18:55'),
('1327918997869445121', '1', '16', '2020-11-15 18:18:55'),
('1327918997869445122', '1', '20', '2020-11-15 18:18:55'),
('1327918997869445123', '1', '54', '2020-11-15 18:18:55'),
('1327918997877833730', '1', '27', '2020-11-15 18:18:55'),
('1327918997877833731', '1', '28', '2020-11-15 18:18:55'),
('1327918997877833732', '1', '29', '2020-11-15 18:18:55'),
('1327918997877833733', '1', '30', '2020-11-15 18:18:55'),
('1327918997886222338', '1', '31', '2020-11-15 18:18:55'),
('1327918997886222339', '1', '32', '2020-11-15 18:18:55'),
('1327918997886222340', '1', '33', '2020-11-15 18:18:55'),
('1327918997886222341', '1', '34', '2020-11-15 18:18:55'),
('1327918997886222342', '1', '35', '2020-11-15 18:18:55'),
('1327918997894610945', '1', '59', '2020-11-15 18:18:55'),
('1327918997894610946', '1', '60', '2020-11-15 18:18:55'),
('1327918997894610947', '1', '61', '2020-11-15 18:18:55'),
('1327918997894610948', '1', '62', '2020-11-15 18:18:55'),
('1327918997902999553', '1', '63', '2020-11-15 18:18:55'),
('1327918997902999554', '1', '55', '2020-11-15 18:18:55'),
('1327918997902999555', '1', '18', '2020-11-15 18:18:55'),
('1327918997911388162', '1', '14', '2020-11-15 18:18:55'),
('1327918997911388163', '1', '8', '2020-11-15 18:18:55'),
('1327918997915582466', '1', '7', '2020-11-15 18:18:55'),
('1327918997923971074', '1', '58', '2020-11-15 18:18:55'),
('1327918997923971075', '1', '11', '2020-11-15 18:18:55'),
('1327918997923971076', '1', '17', '2020-11-15 18:18:55'),
('1327918997923971077', '1', '26', '2020-11-15 18:18:55'),
('1327918997932359682', '1', '40', '2020-11-15 18:18:55'),
('1327918997932359683', '1', '43', '2020-11-15 18:18:55'),
('1327918997932359684', '1', '44', '2020-11-15 18:18:55'),
('1327918997932359685', '1', '53', '2020-11-15 18:18:55'),
('1327918997940748289', '1', '3', '2020-11-15 18:18:55'),
('1327918997940748290', '1', '19', '2020-11-15 18:18:55'),
('1327918997940748291', '1', '36', '2020-11-15 18:18:55'),
('1327918997949136898', '1', '1311115974068449281', '2020-11-15 18:18:55'),
('1327918997949136899', '1', '13', '2020-11-15 18:18:55'),
('1327918997949136900', '1', '39', '2020-11-15 18:18:55'),
('1327918997957525506', '1', '24', '2020-11-15 18:18:55'),
('1327918997957525507', '1', '10', '2020-11-15 18:18:55'),
('1327918997961719810', '1', '23', '2020-11-15 18:18:55'),
('1327918997961719811', '1', '25', '2020-11-15 18:18:55'),
('1327918997961719812', '1', '42', '2020-11-15 18:18:55'),
('1327918997961719813', '1', '52', '2020-11-15 18:18:55'),
('1327918997961719814', '1', '56', '2020-11-15 18:18:55'),
('1327918997970108417', '1', '57', '2020-11-15 18:18:55'),
('1327918997970108418', '1', '21', '2020-11-15 18:18:55'),
('1327918997970108419', '1', '50', '2020-11-15 18:18:55'),
('1327918997970108420', '1', '777590991396798464', '2020-11-15 18:18:55'),
('1327918997970108421', '1', '777590991396798465', '2020-11-15 18:18:55'),
('1327918997978497026', '1', '777590991396798466', '2020-11-15 18:18:55'),
('1327918997991079938', '1', '777590991396798467', '2020-11-15 18:18:55'),
('1327918997991079939', '1', '777590991396798468', '2020-11-15 18:18:55'),
('1327918997991079940', '1', '2', '2020-11-15 18:18:55'),
('1327918997991079941', '1', '6', '2020-11-15 18:18:55');

-- --------------------------------------------------------

--
-- 資料表結構 `sys_user`
--

DROP TABLE IF EXISTS `sys_user`;
CREATE TABLE `sys_user` (
  `id` varchar(64) NOT NULL COMMENT '用户id',
  `username` varchar(50) NOT NULL COMMENT '账户名称',
  `salt` varchar(20) DEFAULT NULL COMMENT '加密盐值',
  `password` varchar(200) NOT NULL COMMENT '用户密码密文',
  `phone` varchar(20) DEFAULT NULL COMMENT '手机号码',
  `dept_id` varchar(64) DEFAULT NULL COMMENT '部门id',
  `real_name` varchar(60) DEFAULT NULL COMMENT '真实名称',
  `nick_name` varchar(60) DEFAULT NULL COMMENT '昵称',
  `email` varchar(50) DEFAULT NULL COMMENT '邮箱(唯一)',
  `status` tinyint(4) DEFAULT NULL COMMENT '账户状态(1.正常 2.锁定 )',
  `sex` tinyint(4) DEFAULT NULL COMMENT '性别(1.男 2.女)',
  `deleted` tinyint(4) DEFAULT NULL COMMENT '是否删除(1未删除；0已删除)',
  `create_id` varchar(64) DEFAULT NULL COMMENT '创建人',
  `update_id` varchar(64) DEFAULT NULL COMMENT '更新人',
  `create_where` tinyint(4) DEFAULT NULL COMMENT '创建来源(1.web 2.android 3.ios )',
  `create_time` datetime DEFAULT NULL COMMENT '创建时间',
  `update_time` datetime DEFAULT NULL
) ENGINE=InnoDB DEFAULT CHARSET=utf8 COMMENT='系统用户';

--
-- 傾印資料表的資料 `sys_user`
--

INSERT INTO `sys_user` (`id`, `username`, `salt`, `password`, `phone`, `dept_id`, `real_name`, `nick_name`, `email`, `status`, `sex`, `deleted`, `create_id`, `update_id`, `create_where`, `create_time`, `update_time`) VALUES
('1', 'admin', '324ce32d86224b00a02b', '3671b4d99d6cdf0e602cc540393076c9', '13888888888', '1', '爱糖宝', '爱糖宝', 'xxxxxx@163.com', 1, 2, 1, '1', '1', 3, '2019-09-22 19:38:05', '2020-11-11 22:18:28');

-- --------------------------------------------------------

--
-- 資料表結構 `sys_user_role`
--

DROP TABLE IF EXISTS `sys_user_role`;
CREATE TABLE `sys_user_role` (
  `id` varchar(64) NOT NULL COMMENT '用户id',
  `user_id` varchar(64) DEFAULT NULL,
  `role_id` varchar(64) DEFAULT NULL COMMENT '角色id',
  `create_time` datetime DEFAULT NULL COMMENT '创建时间'
) ENGINE=InnoDB DEFAULT CHARSET=utf8 COMMENT='系统用户角色';

--
-- 傾印資料表的資料 `sys_user_role`
--

INSERT INTO `sys_user_role` (`id`, `user_id`, `role_id`, `create_time`) VALUES
('1', '1', '1', '2020-03-19 02:23:13');

-- --------------------------------------------------------

--
-- 資料表結構 `vendor`
--

DROP TABLE IF EXISTS `vendor`;
CREATE TABLE `vendor` (
  `id` int(11) NOT NULL,
  `vendorcode` varchar(255) DEFAULT NULL,
  `vendorname` varchar(255) DEFAULT NULL,
  `vendortype` varchar(255) DEFAULT NULL,
  `vendoraddress` varchar(255) DEFAULT NULL,
  `vendorphone` varchar(255) DEFAULT NULL,
  `vendorfax` varchar(255) DEFAULT NULL,
  `vendorcontact` varchar(255) DEFAULT NULL,
  `active` tinyint(1) NOT NULL DEFAULT 1
) ENGINE=InnoDB DEFAULT CHARSET=utf8;

--
-- 傾印資料表的資料 `vendor`
--

INSERT INTO `vendor` (`id`, `vendorcode`, `vendorname`, `vendortype`, `vendoraddress`, `vendorphone`, `vendorfax`, `vendorcontact`, `active`) VALUES
(4, 'CCA', 'CCA', 'Computer', 'Ma On Shan', '66889911', '28817891', 'Mrs Ma', 0),
(5, 'TM', 'Tom Machine', '機器', 'Kowloon', '28887771', '28887771', 'Miss Chan ', 1),
(7, 'ABC', 'ABC BUS', 'BUS', 'Kowloon', '22557225', '22557225', 'Mrs WONG', 1),
(31, 'COA', 'COA', 'Repair', 'Kowloon', '67716677', '67716677', 'Eric Wong', 0);

--
-- 已傾印資料表的索引
--

--
-- 資料表索引 `assetlist`
--
ALTER TABLE `assetlist`
  ADD PRIMARY KEY (`id`),
  ADD UNIQUE KEY `asset_code` (`asset_code`);

--
-- 資料表索引 `asset_type`
--
ALTER TABLE `asset_type`
  ADD PRIMARY KEY (`id`);

--
-- 資料表索引 `asset_type2`
--
ALTER TABLE `asset_type2`
  ADD PRIMARY KEY (`id`),
  ADD UNIQUE KEY `type_code` (`type_code`),
  ADD UNIQUE KEY `type_name` (`type_name`),
  ADD UNIQUE KEY `type_name_2` (`type_name`);

--
-- 資料表索引 `location`
--
ALTER TABLE `location`
  ADD PRIMARY KEY (`id`);

--
-- 資料表索引 `place2`
--
ALTER TABLE `place2`
  ADD PRIMARY KEY (`id`),
  ADD UNIQUE KEY `place_code` (`place_code`),
  ADD UNIQUE KEY `place_name` (`place_name`);

--
-- 資料表索引 `sys_content`
--
ALTER TABLE `sys_content`
  ADD PRIMARY KEY (`id`) USING BTREE;

--
-- 資料表索引 `sys_dept`
--
ALTER TABLE `sys_dept`
  ADD PRIMARY KEY (`id`);

--
-- 資料表索引 `sys_dict`
--
ALTER TABLE `sys_dict`
  ADD PRIMARY KEY (`id`) USING BTREE;

--
-- 資料表索引 `sys_dict_detail`
--
ALTER TABLE `sys_dict_detail`
  ADD PRIMARY KEY (`id`) USING BTREE;

--
-- 資料表索引 `sys_files`
--
ALTER TABLE `sys_files`
  ADD PRIMARY KEY (`id`) USING BTREE;

--
-- 資料表索引 `sys_job`
--
ALTER TABLE `sys_job`
  ADD PRIMARY KEY (`id`) USING BTREE;

--
-- 資料表索引 `sys_job_log`
--
ALTER TABLE `sys_job_log`
  ADD PRIMARY KEY (`id`) USING BTREE,
  ADD KEY `job_id` (`job_id`) USING BTREE;

--
-- 資料表索引 `sys_log`
--
ALTER TABLE `sys_log`
  ADD PRIMARY KEY (`id`);

--
-- 資料表索引 `sys_permission`
--
ALTER TABLE `sys_permission`
  ADD PRIMARY KEY (`id`) USING BTREE;

--
-- 資料表索引 `sys_role`
--
ALTER TABLE `sys_role`
  ADD PRIMARY KEY (`id`);

--
-- 資料表索引 `sys_role_dept`
--
ALTER TABLE `sys_role_dept`
  ADD PRIMARY KEY (`id`) USING BTREE;

--
-- 資料表索引 `sys_role_permission`
--
ALTER TABLE `sys_role_permission`
  ADD PRIMARY KEY (`id`);

--
-- 資料表索引 `sys_user`
--
ALTER TABLE `sys_user`
  ADD PRIMARY KEY (`id`);

--
-- 資料表索引 `sys_user_role`
--
ALTER TABLE `sys_user_role`
  ADD PRIMARY KEY (`id`);

--
-- 資料表索引 `vendor`
--
ALTER TABLE `vendor`
  ADD PRIMARY KEY (`id`),
  ADD UNIQUE KEY `vendorcode` (`vendorcode`),
  ADD UNIQUE KEY `vendorname` (`vendorname`),
  ADD UNIQUE KEY `vendorphone` (`vendorphone`),
  ADD UNIQUE KEY `vendorfax` (`vendorfax`);

--
-- 在傾印的資料表使用自動遞增(AUTO_INCREMENT)
--

--
-- 使用資料表自動遞增(AUTO_INCREMENT) `assetlist`
--
ALTER TABLE `assetlist`
  MODIFY `id` int(11) NOT NULL AUTO_INCREMENT, AUTO_INCREMENT=38;

--
-- 使用資料表自動遞增(AUTO_INCREMENT) `asset_type`
--
ALTER TABLE `asset_type`
  MODIFY `id` int(11) NOT NULL AUTO_INCREMENT, AUTO_INCREMENT=12;

--
-- 使用資料表自動遞增(AUTO_INCREMENT) `location`
--
ALTER TABLE `location`
  MODIFY `id` int(11) NOT NULL AUTO_INCREMENT, AUTO_INCREMENT=27;

--
-- 使用資料表自動遞增(AUTO_INCREMENT) `vendor`
--
ALTER TABLE `vendor`
  MODIFY `id` int(11) NOT NULL AUTO_INCREMENT, AUTO_INCREMENT=38;
COMMIT;

/*!40101 SET CHARACTER_SET_CLIENT=@OLD_CHARACTER_SET_CLIENT */;
/*!40101 SET CHARACTER_SET_RESULTS=@OLD_CHARACTER_SET_RESULTS */;
/*!40101 SET COLLATION_CONNECTION=@OLD_COLLATION_CONNECTION */;
